uniprot_id,mb_n_zn,mb_n_cys_coordinating,mb_coord_per_zn,mb_mean_zn_s_dist,mb_std_zn_s_dist,mb_mean_szns_angle,mb_tetrahedral_dev,mb_mean_zn_zn_dist,mb_min_zn_zn_dist,mb_rg_zn_cluster,mb_rg_protein,mb_metal_protein_offset,mb_n_residues
A0A059P5D6,6,15,2.5,2.3668,0.2972,110.587,1.117,8.4972,2.936,6.1718,9.8715,1.7456,58
A0A096Y4K7,6,9,1.5,2.2841,0.3294,115.956,6.486,8.8821,2.4087,6.4969,10.5844,1.043,58
A0A0A6Z9S9,7,17,2.429,2.227,0.236,112.741,3.271,13.23,2.6576,10.1527,12.2773,0.9926,65
A0A0A6Z9Y7,6,15,2.5,2.3606,0.2492,109.207,0.263,8.3571,2.8768,6.0898,10.5061,0.8817,62
A0A0A7P9J9,6,15,2.5,2.3627,0.2256,109.669,0.199,9.4445,2.7263,6.9608,10.2732,1.2751,59
A0A0B6VM71,7,19,2.714,2.2843,0.2665,114.654,5.184,10.8247,3.1534,8.2053,11.235,2.2431,60
A0A0C6WJR4,7,19,2.714,2.3017,0.3083,111.252,1.782,12.2465,2.8038,9.4493,12.5675,1.4733,73
A0A0E3TKA8,6,17,2.833,2.3263,0.3436,108.404,1.066,8.9377,3.0223,6.5121,9.8984,1.7286,58
A0A0K1D9V6,6,14,2.333,2.334,0.2817,104.218,5.252,7.6816,2.5015,5.5358,10.0079,1.5458,59
A0A0K2D4S0,10,17,1.7,2.2404,0.2278,116.935,7.465,17.0353,2.4929,13.2822,15.435,1.131,107
A0A0U3VAE5,7,18,2.571,2.2734,0.264,111.236,1.766,10.6907,2.883,8.0866,11.9069,0.8614,76
A0A140D6S6,7,19,2.714,2.4303,0.2334,107.37,2.1,12.3181,2.931,9.5008,12.1231,2.1873,62
A0A140D6S7,7,15,2.143,2.3668,0.2394,111.86,2.39,11.8841,2.8139,9.1142,11.9393,1.6057,62
A0A142LXF3,6,14,2.333,2.4816,0.2458,107.845,1.625,11.4749,2.8895,8.5139,11.7312,2.5869,69
A0A166K203,7,18,2.571,2.2873,0.316,121.695,12.225,10.6703,2.6966,8.0657,11.3896,1.6556,60
A0A172EAK5,7,17,2.429,2.3145,0.2334,113.986,4.516,10.9472,2.7214,8.2823,11.583,1.8083,60
A0A185L2K1,7,16,2.286,2.3148,0.2602,111.947,2.477,11.2239,3.1511,8.5092,11.7714,1.6991,60
A0A1B1RV98,4,8,2.0,2.3229,0.2395,118.208,8.738,3.8589,2.6939,2.4312,8.7557,1.6776,43
A0A1B1RVB0,7,13,1.857,2.4625,0.2398,97.885,11.585,10.457,2.5527,7.9414,11.6136,1.7081,75
A0A1C7D003,11,23,2.091,2.3476,0.2835,106.642,2.828,17.2199,2.6629,13.6456,16.103,1.2428,124
A0A1D9BZV8,2,2,1.0,2.4305,0.2994,nan,nan,3.9793,3.9793,1.9896,19.7179,23.3991,68
A0A1L6Z3J2,6,17,2.833,2.3465,0.2857,105.914,3.556,11.6014,2.4387,8.6516,11.9861,2.4928,69
A0A1V0CMF8,6,20,3.333,2.4202,0.2763,106.881,2.589,14.3546,2.7113,10.9318,14.9099,4.5521,73
A0A1V0CMG1,9,27,3.0,2.3639,0.2431,110.63,1.16,14.631,2.8327,10.8501,14.1402,1.7294,109
A0A1X6NWZ7,5,19,3.8,2.3593,0.2028,107.404,2.066,19.9882,2.9473,15.249,14.7408,1.867,104
A0A1Y1FG02,6,11,1.833,2.2991,0.1955,107.886,1.584,10.9141,2.8974,8.1239,10.8622,2.3743,52
A0A220T7G9,6,17,2.833,2.2618,0.2662,114.193,4.723,11.3782,3.1832,8.4603,11.5405,1.8089,67
A0A220T7H0,6,21,3.5,2.3526,0.2092,110.279,0.809,11.7945,2.9872,8.7941,11.2612,1.2438,63
A0A223FZ32,9,28,3.111,2.3119,0.2603,112.693,3.223,15.1503,2.9239,11.1985,14.0302,1.1795,98
A0A223FZ33,9,21,2.333,2.3582,0.3101,114.399,4.929,14.1831,2.4731,10.6179,13.4887,2.0132,100
A0A223FZ35,11,26,2.364,2.3061,0.3058,109.567,0.097,14.2217,2.639,10.5357,13.7763,1.2853,124
A0A223FZ38,11,36,3.273,2.331,0.2483,107.975,1.495,16.2717,2.8015,12.8887,15.0157,0.7499,123
A0A223FZ39,8,18,2.25,2.2453,0.2593,118.985,9.515,15.045,2.7635,11.4022,14.6231,1.3089,85
A0A223FZ40,6,20,3.333,2.2951,0.1933,109.149,0.321,9.41,3.4738,6.8386,10.9727,1.1352,66
A0A223FZ42,7,17,2.429,2.3337,0.2539,107.412,2.058,11.554,3.0566,8.7851,12.6372,3.084,87
A0A223FZ44,9,24,2.667,2.3532,0.2731,111.954,2.484,14.5783,2.8399,10.9745,14.5374,0.9261,99
A0A223FZ45,9,27,3.0,2.3283,0.2439,111.597,2.127,14.0282,3.0056,10.4608,13.5248,1.4779,96
A0A223FZ46,9,25,2.778,2.3566,0.3006,109.65,0.18,14.7851,2.7115,11.1149,13.8502,1.5328,99
A0A286MPP4,5,14,2.8,2.3321,0.3158,109.028,0.442,5.165,3.1762,3.4737,9.057,1.1185,51
A0A290Y5N7,7,19,2.714,2.2925,0.2347,114.208,4.738,12.0274,2.729,9.1872,11.7472,1.0923,73
A0A2G8LCH4,4,12,3.0,2.3443,0.2669,108.286,1.184,5.0427,3.0296,3.2866,10.693,4.2223,81
A0A2I6AY75,7,18,2.571,2.4184,0.2584,109.149,0.321,12.4961,2.6603,9.4532,12.2447,1.7195,73
A0A2P6TKK5,6,13,2.167,2.3348,0.1861,111.076,1.606,7.8259,2.7794,5.6889,9.5924,0.848,56
A0A2P6VA05,6,16,2.667,2.402,0.2522,105.482,3.988,9.4551,2.9263,6.9599,10.0367,0.7883,59
A0A2S1FWJ4,6,16,2.667,2.2353,0.2381,116.795,7.325,8.1824,3.2158,5.8682,10.042,1.3296,63
A0A2S1FWK7,6,16,2.667,2.2798,0.3064,111.162,1.692,10.9557,2.5535,8.1826,11.3953,1.1073,63
A0A2U3V5S3,7,21,3.0,2.3688,0.2566,111.987,2.517,12.1262,3.1126,9.2593,12.0694,1.6035,61
A0A2U3V5S6,7,20,2.857,2.3356,0.2243,109.309,0.161,11.8214,2.8251,9.0616,12.2237,2.1852,62
A0A2U3YZV4,7,18,2.571,2.3502,0.2736,112.719,3.249,11.3772,3.2029,8.6054,11.4719,1.1725,61
A0A2U3YZW4,7,16,2.286,2.3406,0.2875,115.132,5.662,11.7545,2.6044,8.9765,12.0204,1.8034,61
A0A2V0NU85,6,18,3.0,2.3093,0.2648,106.159,3.311,11.9765,2.2997,9.0449,11.7207,0.6498,74
A0A2Y9LPG7,7,23,3.286,2.415,0.2684,110.654,1.184,12.4658,2.9599,9.5122,12.5591,1.725,61
A0A2Y9LX50,7,18,2.571,2.3522,0.26,110.777,1.307,11.4575,2.9804,8.7082,11.8798,2.1403,62
A0A2Y9M2K7,7,17,2.429,2.3658,0.2769,106.393,3.077,11.6912,2.8032,8.9245,11.6891,1.1928,61
A0A2Y9MKN7,7,17,2.429,2.405,0.2653,111.484,2.014,12.5175,2.6788,9.6022,12.2968,1.535,61
A0A2Y9SVU7,7,19,2.714,2.4185,0.251,109.681,0.211,12.0964,2.8723,9.2577,12.0495,1.5515,61
A0A2Z4NC35,5,12,2.4,2.3334,0.257,111.218,1.748,4.4335,2.8251,2.948,8.8701,0.7427,59
A0A340WTG0,6,16,2.667,2.4248,0.2867,105.537,3.933,10.9678,2.4627,8.1974,11.0948,1.4424,61
A0A340XCV9,6,16,2.667,2.4704,0.2221,111.026,1.556,12.1394,2.8778,9.0782,12.1537,0.7951,61
A0A340XDF9,7,10,1.429,2.4782,0.21,95.359,14.111,12.1837,2.5694,9.3646,12.2031,1.5987,61
A0A340XDI0,7,20,2.857,2.3774,0.2577,108.215,1.255,11.2879,2.8965,8.505,11.5879,0.9759,61
A0A340XHD9,7,20,2.857,2.4256,0.2722,108.704,0.766,12.5038,2.8162,9.5973,12.5768,1.7188,61
A0A340XKD5,7,15,2.143,2.4037,0.2853,107.435,2.035,10.9353,2.8702,8.2992,11.6455,1.9705,62
A0A341BYL2,7,16,2.286,2.3563,0.2669,114.937,5.467,12.3435,2.7704,9.4498,12.0632,1.405,61
A0A341BZ53,7,21,3.0,2.3328,0.2578,110.058,0.588,12.0503,3.0089,9.1822,12.2046,1.6909,61
A0A341BZ75,7,19,2.714,2.3513,0.242,113.664,4.194,11.5134,3.0859,8.7554,12.1359,1.8545,62
A0A341C2B9,7,15,2.143,2.2872,0.3019,107.517,1.953,11.3962,2.9526,8.6593,12.3863,0.6079,70
A0A383YXP3,7,16,2.286,2.3405,0.3275,116.186,6.716,11.401,2.7801,8.6807,11.6677,1.2621,61
A0A383YXV6,7,20,2.857,2.3813,0.2766,110.895,1.425,11.9676,3.0018,9.1279,12.2586,1.6552,61
A0A384BEF7,7,20,2.857,2.3412,0.2297,108.586,0.884,12.4628,2.9096,9.5733,12.4188,1.7509,61
A0A384D193,7,19,2.714,2.3138,0.2278,110.381,0.911,11.8531,2.8455,9.0572,11.9637,1.5291,61
A0A384D1F2,7,22,3.143,2.3426,0.2307,109.712,0.242,12.1624,3.0641,9.2648,12.1918,1.5672,61
A0A384D251,7,19,2.714,2.2036,0.2265,107.563,1.907,11.9224,3.0289,9.0938,12.1494,1.5939,61
A0A386IP32,4,10,2.5,2.3692,0.2242,101.379,8.091,4.004,2.9604,2.5159,28.0206,20.263,93
A0A3B3CCH3,3,8,2.667,2.5538,0.1625,110.215,0.745,3.758,2.926,2.2692,8.7121,1.3627,40
A0A3B3CKY9,7,19,2.714,2.3142,0.2688,106.445,3.025,10.9447,2.8829,8.304,11.3044,1.9581,60
A0A3B4AW44,7,16,2.286,2.3962,0.3091,106.778,2.692,10.7391,2.8032,8.1406,11.3757,2.0686,60
A0A3B4AWJ9,7,18,2.571,2.2836,0.2496,111.003,1.533,10.8644,2.6146,8.2781,11.47,2.1328,60
A0A3B4VK72,7,19,2.714,2.3429,0.2177,115.76,6.29,11.7847,3.2138,8.9647,12.0403,2.1798,60
A0A3B4Y3M0,7,18,2.571,2.3416,0.3038,110.311,0.841,12.0119,2.8842,9.198,12.2042,2.1509,60
A0A3B4ZIM4,7,14,2.0,2.2457,0.2414,113.375,3.905,10.3531,2.8963,7.7933,11.1034,1.9027,60
A0A3B5KME6,7,16,2.286,2.3728,0.2559,118.073,8.603,10.5551,2.9067,7.9958,11.2671,1.7578,60
A0A3G1Z059,6,20,3.333,2.4103,0.2379,111.723,2.253,11.097,2.506,8.252,11.5896,2.1052,67
A0A3G1Z090,6,17,2.833,2.3831,0.2241,115.206,5.736,9.0033,3.1,6.556,10.8732,0.523,64
A0A3G1Z0W1,6,17,2.833,2.3875,0.2374,111.588,2.118,10.4976,2.8584,7.759,11.2467,1.5493,67
A0A3G1Z1B2,6,24,4.0,2.3984,0.2111,109.247,0.223,11.2774,3.185,8.3721,11.5314,1.6129,66
A0A3P8TYH4,7,17,2.429,2.2929,0.2363,115.758,6.288,11.4224,2.9551,8.7087,11.9624,1.6382,58
A0A3P8X2A0,7,17,2.429,2.366,0.3169,110.485,1.015,10.9344,2.9971,8.3048,11.5823,1.8561,60
A0A3Q2FS41,7,14,2.0,2.4578,0.2778,105.617,3.853,10.2051,3.1178,7.6812,11.1925,1.1098,58
A0A3Q2YXD5,7,17,2.429,2.2419,0.2128,120.506,11.036,11.487,2.7202,8.7635,11.8819,1.8866,60
A0A3Q3BGA8,7,13,1.857,2.3522,0.1711,111.304,1.834,10.8311,2.8892,8.2109,11.3824,1.7788,60
A0A3Q3F563,7,16,2.286,2.3922,0.3022,106.034,3.436,11.0773,2.5875,8.4352,11.6131,2.0433,60
A0A3Q3VMJ7,7,18,2.571,2.3305,0.2716,114.779,5.309,10.6874,2.9363,8.107,11.3263,1.047,60
A0A3Q3VPM7,4,10,2.5,2.1826,0.3003,113.949,4.479,4.7228,2.7516,3.113,10.5187,5.4642,76
A0A3Q3WB48,6,18,3.0,2.2759,0.2765,108.465,1.005,10.4471,2.9962,7.7086,11.8073,2.1231,62
A0A452C703,7,14,2.0,2.3093,0.3045,116.176,6.706,11.7591,2.8202,8.9921,12.0595,2.0834,62
A0A452T0K9,7,18,2.571,2.3839,0.2809,113.968,4.498,10.9647,2.3442,8.3273,11.7423,1.9227,68
A0A452T0Q5,6,20,3.333,2.3915,0.2222,109.153,0.317,9.5822,2.993,7.055,11.566,3.6579,62
A0A455B3R5,7,23,3.286,2.3921,0.2314,108.835,0.635,11.777,2.9942,8.9581,11.8353,1.416,61
A0A4U5UGS7,3,6,2.0,2.5513,0.2468,99.039,10.431,3.2017,2.6273,1.8885,33.4392,34.7354,86
A0A4W3IAU9,6,14,2.333,2.2638,0.2734,109.266,0.204,10.4664,2.8696,7.93,11.2887,2.2197,58
A0A4W3IIK8,5,14,2.8,2.406,0.2409,115.572,6.102,4.8698,2.9587,3.2905,17.2143,9.4795,66
A0A4W6DD13,7,16,2.286,2.3899,0.2672,111.701,2.231,10.6851,3.0307,8.0908,11.3975,1.7835,60
A0A513QTV9,6,21,3.5,2.3861,0.2681,109.983,0.513,11.1211,3.246,8.2208,11.3642,1.5624,65
A0A516F437,9,19,2.111,2.3539,0.2622,104.251,5.219,11.8546,3.0174,9.2065,12.517,0.2939,90
A0A516F442,8,22,2.75,2.3727,0.2436,102.072,7.398,11.3778,2.8073,8.7386,12.0364,0.6576,81
A0A5C0PVA2,7,16,2.286,2.3522,0.2548,115.61,6.14,12.2914,2.98,9.4793,12.461,1.2752,74
A0A5J4Z9F3,5,12,2.4,2.483,0.2343,114.449,4.979,5.5868,2.677,3.8406,10.331,3.8665,70
A0A5K7YAY7,7,20,2.857,2.3552,0.2473,112.823,3.353,10.1307,3.1061,7.6283,11.1072,1.273,72
A0A643BYN7,5,13,2.6,2.335,0.2925,102.538,6.932,4.9177,2.5746,3.368,10.4619,5.9391,72
A0A665T2B2,7,15,2.143,2.4667,0.2126,107.266,2.204,10.3522,2.8889,7.7579,11.0864,1.5403,60
A0A667XQB4,7,19,2.714,2.3994,0.2708,104.922,4.548,12.3231,2.9103,9.4069,17.3979,12.8673,122
A0A672Y9T9,7,18,2.571,2.3316,0.2638,116.593,7.123,11.4763,2.7571,8.7717,11.885,1.9701,60
A0A674MQB5,7,19,2.714,2.2626,0.2335,117.861,8.391,11.4392,3.0529,8.7188,11.7555,1.9785,60
A0A6A1QBI5,5,16,3.2,2.3266,0.316,108.362,1.108,9.1857,2.9283,6.5268,12.128,2.4903,72
A0A6G5YNX4,6,14,2.333,2.2144,0.2807,103.962,5.508,6.6472,2.4089,4.7816,10.1477,2.5118,74
A0A6G5YPG2,6,14,2.333,2.3341,0.3009,108.652,0.818,11.0842,2.459,8.2894,11.5647,2.0535,74
A0A6G6AZ81,7,18,2.571,2.3796,0.3258,110.164,0.694,12.3377,2.6878,9.4701,11.9755,2.2052,86
A0A6G7BMU5,6,18,3.0,2.4104,0.2875,109.13,0.34,9.2309,2.9911,6.7877,11.2542,1.9205,62
A0A6G7BN21,6,19,3.167,2.3436,0.321,108.763,0.707,9.6353,2.7988,6.9981,10.2468,2.0256,62
A0A6G7D3W5,6,20,3.333,2.3611,0.2754,103.36,6.11,10.1913,3.0807,7.5395,11.3224,1.8481,72
A0A6G7D449,6,20,3.333,2.3499,0.2781,108.304,1.166,9.4326,3.1522,6.898,10.8954,2.0452,71
A0A6G9W1Q9,6,18,3.0,2.2885,0.2623,112.076,2.606,14.7667,2.9567,11.2563,13.751,2.3382,67
A0A6G9W2L2,6,12,2.0,2.2379,0.23,121.263,11.793,11.0212,2.8517,8.2178,11.3385,0.885,65
A0A6G9W3C0,6,19,3.167,2.3692,0.2612,112.899,3.429,9.7079,3.0452,7.1153,11.1349,1.5595,73
A0A6G9W3D2,6,16,2.667,2.3658,0.3025,116.912,7.442,10.5511,2.54,7.8317,11.2879,1.5079,65
A0A6G9W3Y9,6,23,3.833,2.4346,0.2216,108.999,0.471,10.6885,3.5068,7.8841,11.3728,1.9229,65
A0A6G9W593,6,17,2.833,2.3107,0.2895,108.046,1.424,10.6578,3.1861,7.8913,11.2741,1.7622,67
A0A6G9W5A3,6,14,2.333,2.4091,0.2514,108.656,0.814,11.2847,2.7032,8.4533,11.5158,1.692,64
A0A6J2PVG8,7,19,2.714,2.3234,0.2732,115.454,5.984,10.9282,3.0493,8.3218,11.3244,2.2299,60
A0A6J2PVR0,7,15,2.143,2.3982,0.1572,110.705,1.235,11.188,2.9306,8.4934,11.5284,2.2363,60
A0A6J3QDU2,7,22,3.143,2.4212,0.2241,106.905,2.565,11.6819,2.7655,8.894,11.9254,1.3427,61
A0A6J3QDZ8,7,15,2.143,2.3545,0.3166,109.605,0.135,12.609,2.7823,9.7174,12.4095,1.6549,61
A0A6J3QVJ7,7,17,2.429,2.3208,0.2134,121.01,11.54,11.2843,2.4537,8.5929,11.5673,1.1494,61
A0A6P3VKX1,7,13,1.857,2.4014,0.1999,116.165,6.695,11.3484,2.7267,8.6549,29.8486,19.6404,92
A0A6P8TQL5,7,17,2.429,2.3396,0.2473,111.746,2.276,10.9854,2.3868,8.3729,11.6373,1.864,60
A0A6P8TQN4,7,18,2.571,2.3336,0.2214,115.889,6.419,11.055,3.1465,8.3815,11.6206,1.9463,60
A0A7F8K7K6,7,19,2.714,2.2379,0.2878,114.977,5.507,12.174,2.5631,9.3023,12.0795,1.439,61
A0A7F8Q4L6,7,16,2.286,2.3378,0.282,108.891,0.579,11.6918,2.7872,8.9388,11.9978,2.0105,62
A0A7J5YY29,3,10,3.333,2.291,0.2601,109.938,0.468,3.3942,3.0258,1.9725,23.3168,17.8217,59
A0A7J5YYD4,8,19,2.375,2.4039,0.2283,107.045,2.425,14.5391,2.7703,11.321,18.3914,12.3737,124
A0A7K9EYQ1,6,16,2.667,2.3216,0.24,111.1,1.63,10.2339,2.8732,7.6221,12.354,2.928,63
A0A7M6UWG4,7,13,1.857,2.3294,0.1841,121.104,11.634,8.106,2.4225,5.9303,10.258,1.8834,64
A0A7M6UWS7,7,16,2.286,2.3989,0.2031,112.432,2.962,8.4871,2.6871,6.2395,10.7685,2.0202,66
A0A7M7N433,7,15,2.143,2.2755,0.2342,115.642,6.172,11.2863,3.0081,8.4971,11.0064,1.2462,65
A0A7M7N5S8,7,26,3.714,2.3705,0.2364,109.147,0.323,10.7594,3.1384,8.1728,11.7124,1.5982,66
A0A7M7P4M6,7,16,2.286,2.4883,0.2042,104.686,4.784,8.3349,2.9289,6.1585,10.4875,2.1027,64
A0A7M7P4P4,7,17,2.429,2.3105,0.2991,112.901,3.431,7.7534,3.2645,5.6059,10.2769,2.051,64
A0A8B6C2J3,6,17,2.833,2.4801,0.2687,109.033,0.437,12.2573,2.6914,9.2496,11.6335,2.314,66
A0A8B6DV18,6,19,3.167,2.4182,0.2193,109.766,0.296,10.575,3.0822,7.784,10.5051,1.394,66
A0A8B6DXM4,6,18,3.0,2.3653,0.2682,107.992,1.478,11.0956,3.2889,8.2318,10.9089,2.4023,66
A0A8B8BAW1,8,15,1.875,2.4307,0.3095,107.072,2.398,10.886,2.6262,8.3256,11.5985,1.8226,83
A0A8B8VVZ8,7,19,2.714,2.344,0.2346,111.304,1.834,10.6,3.047,8.0144,11.3756,1.7542,62
A0A8B8VW02,7,13,1.857,2.3037,0.28,117.888,8.418,12.1961,2.6429,9.3439,12.4061,1.6747,61
A0A8B8VX94,7,21,3.0,2.3221,0.2697,113.461,3.991,11.7456,3.0383,8.9195,11.9259,1.5176,61
A0A8B8WDK8,6,14,2.333,2.3007,0.219,112.814,3.344,10.3692,2.9825,7.7949,11.3707,2.3244,55
A0A8B8XNQ5,6,14,2.333,2.3182,0.2993,108.252,1.218,11.6247,2.7746,8.6675,17.343,7.1966,79
A0A8B8YQ69,4,9,2.25,2.3162,0.2392,111.878,2.408,9.5921,3.1177,6.5115,18.0055,11.1326,79
A0A8B8YRT0,6,12,2.0,2.3446,0.2857,112.029,2.559,12.6476,2.7959,9.4876,12.5064,0.4572,61
A0A8C0I3E3,7,19,2.714,2.3379,0.2532,106.929,2.541,11.2665,1.6197,8.645,11.572,1.4733,61
A0A8C3AVP2,7,16,2.286,2.3817,0.2788,113.223,3.753,11.5649,2.5115,8.8386,12.0053,2.1126,60
A0A8C3AW41,7,20,2.857,2.4062,0.2576,110.614,1.144,11.2557,2.7814,8.5365,11.6494,2.2183,60
A0A8C4ZWR0,7,18,2.571,2.3615,0.2682,106.681,2.789,11.0021,2.8645,8.3471,11.4736,1.7646,60
A0A8C5D695,7,18,2.571,2.3536,0.2267,112.17,2.7,11.6589,2.7613,8.8726,11.8994,1.8243,60
A0A8C5GH36,4,7,1.75,2.3728,0.2511,114.839,5.369,3.9975,2.5409,2.6027,9.1859,2.0035,51
A0A8C5HUX0,2,8,4.0,2.3255,0.2382,105.21,4.26,2.9485,2.9485,1.4743,11.1241,4.5544,83
A0A8C6ADN2,3,10,3.333,2.254,0.2507,109.777,0.307,3.8931,2.951,2.3212,9.6633,3.0541,44
A0A8C6AUT8,7,22,3.143,2.3753,0.3176,107.869,1.601,12.7658,3.1299,9.8134,12.4661,1.6602,61
A0A8C6B680,7,22,3.143,2.3795,0.2379,109.616,0.146,12.3208,3.1043,9.4356,12.5093,1.8428,61
A0A8C6B6B8,7,21,3.0,2.3777,0.2664,108.325,1.145,11.4599,2.8897,8.7223,11.9627,1.2819,61
A0A8C6B710,7,16,2.286,2.3468,0.2502,112.934,3.464,11.7032,2.6682,8.9262,12.2445,2.0767,67
A0A8C6B8S5,7,16,2.286,2.3411,0.2543,109.416,0.054,11.9534,2.939,9.1261,12.3156,2.1565,62
A0A8C7CLS1,7,18,2.571,2.332,0.3111,113.59,4.12,10.0699,2.5992,7.57,11.3751,1.4657,61
A0A8C7D3U0,6,15,2.5,2.3512,0.3192,106.726,2.744,10.1522,2.8063,7.5288,14.1895,4.5108,75
A0A8C7DNP7,4,10,2.5,2.4146,0.2486,95.553,13.917,4.1803,3.3592,2.6135,10.5482,5.6974,62
A0A8C7I8I6,6,17,2.833,2.3442,0.2179,109.195,0.275,10.0274,2.8895,7.4204,10.932,1.9952,59
A0A8C7I8S5,7,16,2.286,2.4474,0.2436,109.995,0.525,10.8601,2.9028,8.2399,11.5717,1.7371,60
A0A8C8C1S4,4,12,3.0,2.3789,0.2645,107.609,1.861,4.2066,3.4741,2.6188,10.8409,4.9264,62
A0A8C8EIB2,3,7,2.333,2.389,0.2675,107.741,1.729,3.2873,2.9975,1.9016,10.7282,5.1941,64
A0A8C9CE58,7,22,3.143,2.3501,0.242,112.476,3.006,12.2168,2.6904,9.3266,12.1713,1.5047,61
A0A8C9CGW7,3,8,2.667,2.2971,0.2532,106.304,3.166,3.578,2.6247,2.1904,9.1342,2.1739,44
A0A8C9CGX9,7,18,2.571,2.3569,0.266,112.453,2.983,11.1729,2.6978,8.4417,11.3519,1.1547,61
A0A8C9CHC4,6,20,3.333,2.3773,0.2424,106.352,3.118,10.4624,3.0187,7.9497,11.8716,2.669,57
A0A8C9CHS3,7,19,2.714,2.268,0.2615,113.987,4.517,11.0943,2.8643,8.4295,11.4443,1.5177,61
A0A8C9CNJ4,7,20,2.857,2.4713,0.2367,106.537,2.933,12.3646,2.807,9.5053,12.7522,1.5574,61
A0A8C9CR41,3,7,2.333,2.2209,0.2425,109.749,0.279,3.6704,2.6224,2.2161,9.9816,3.9841,47
A0A8C9CRM1,7,16,2.286,2.3387,0.2316,104.529,4.941,11.3622,2.2944,8.705,47.888,45.6723,130
A0A8C9DWX7,6,14,2.333,2.1882,0.2976,112.659,3.189,10.5928,2.5723,7.8678,11.0959,0.6383,61
A0A8C9E7K0,7,12,1.714,2.4384,0.2286,107.739,1.731,11.3644,2.6715,8.653,12.0905,2.3363,67
A0A8C9E8G3,7,19,2.714,2.3097,0.2308,109.977,0.507,10.8116,2.8572,8.1782,11.7939,1.7317,62
A0A8D2HQT0,7,23,3.286,2.4099,0.2398,108.069,1.401,11.4689,2.9157,8.6968,11.7378,1.3941,61
A0A8D2HQU7,7,22,3.143,2.3377,0.2602,110.69,1.22,11.161,3.2348,8.479,12.0933,2.0869,62
A0A8D2KIM4,7,21,3.0,2.4135,0.3412,109.991,0.521,11.5896,3.0118,8.8561,11.8066,1.3897,61
A0A8D2KIM5,7,17,2.429,2.4383,0.2884,108.438,1.032,10.2448,2.3131,7.7357,12.0723,1.9476,67
A0A8J4Y7R2,4,11,2.75,2.3634,0.3407,109.087,0.383,3.8492,2.7092,2.4249,15.6239,12.7014,117
A0A8J4YAA6,4,10,2.5,2.3916,0.2148,111.863,2.393,3.8537,2.8126,2.4469,16.9915,19.4917,117
A0A8J4YUS5,4,14,3.5,2.4806,0.2473,108.878,0.592,3.5567,2.4088,2.2126,14.9832,14.942,103
A0A8J5D0Y8,4,9,2.25,2.3653,0.1428,118.599,9.129,3.8847,2.8309,2.4592,14.1272,12.4715,101
A0A8J5JBW0,5,15,3.0,2.3946,0.2706,110.545,1.075,6.7427,3.4961,4.6588,19.1336,10.0872,72
A0A8J5JK78,8,22,2.75,2.3257,0.3183,107.913,1.557,14.8983,2.3432,11.558,18.0,8.6697,127
A0A8J5K9U2,6,10,1.667,2.4344,0.105,102.276,7.194,10.8276,2.5431,7.9987,43.5101,31.494,124
A0A8J5MRL7,5,10,2.0,2.1422,0.2308,123.201,13.731,11.0631,3.6116,8.0733,14.0507,6.2535,108
A0A8J5N9J6,8,16,2.0,2.3598,0.2973,107.148,2.322,12.6171,2.194,9.7506,17.6829,12.1088,127
A0A8M1G394,7,16,2.286,2.3939,0.3179,110.812,1.342,10.9657,2.546,8.3161,11.3779,2.0549,62
A0A8S3R7S8,7,20,2.857,2.3547,0.23,111.063,1.593,11.4981,3.0494,8.7074,11.4663,0.7925,74
A0A8S3SSD0,7,20,2.857,2.3287,0.2304,112.52,3.05,11.5327,3.31,8.7804,11.8903,1.812,73
A0A8S3UIJ6,4,13,3.25,2.3142,0.2458,107.943,1.527,4.2274,2.7898,2.6932,10.4555,5.6959,70
A0A8S3YX03,8,19,2.375,2.4142,0.2835,110.842,1.372,9.8693,1.5473,7.442,13.2902,3.8221,86
A0A8S3Z1P8,7,15,2.143,2.2917,0.3405,113.788,4.318,10.5404,2.7405,7.9288,11.2877,0.9102,66
A0A8S3Z4S0,6,19,3.167,2.3981,0.2125,108.827,0.643,9.9028,2.7359,7.2912,11.5448,2.2152,76
A0A8S4BEQ0,7,19,2.714,2.2508,0.2687,114.612,5.142,11.1103,2.6053,8.4299,11.5914,2.0077,60
A0A8W8L4J5,4,1,0.25,2.5588,0.0,nan,nan,3.1905,1.9999,2.0672,10.5523,16.158,67
A0A8W8LFP0,6,14,2.333,2.3305,0.329,111.896,2.426,12.1999,3.1189,9.1733,12.583,2.5943,62
A0A8W8M202,10,21,2.1,2.3607,0.3089,111.451,1.981,13.1887,2.0762,9.744,13.1329,0.7514,107
A0A8W8M520,9,18,2.0,2.284,0.2804,114.043,4.573,9.9636,2.7602,7.5788,29.7634,14.4203,119
A0A977XTA3,7,17,2.429,2.4142,0.215,106.687,2.783,11.4549,2.3243,8.7692,11.7812,2.1437,60
A0A9W2WKM3,6,13,2.167,2.3292,0.2741,106.741,2.729,12.3039,2.6916,9.2262,12.3796,0.5135,61
A0A9W2WPC5,6,15,2.5,2.3477,0.2508,110.652,1.182,11.351,2.5557,8.417,11.8989,0.7102,61
A0A9W2WQ23,5,12,2.4,2.3262,0.3081,105.402,4.068,6.6815,3.1716,4.5867,9.3806,0.8357,56
A0A9W2WSD1,6,10,1.667,2.1814,0.207,127.311,17.841,10.9603,2.9386,8.1124,11.0845,0.8155,61
A0A9W2X6U7,7,18,2.571,2.3369,0.2746,111.503,2.033,10.511,2.8248,7.9294,11.1283,1.094,61
A0AA35XB41,9,19,2.111,2.303,0.2529,112.686,3.216,10.283,2.3845,7.7183,11.9085,1.4564,94
A0AA36BLK1,6,10,1.667,2.2965,0.2555,121.649,12.179,9.0188,2.8986,6.6006,10.8106,1.4123,69
A0AA89BWF8,5,12,2.4,2.3248,0.2477,111.624,2.154,3.9974,2.996,2.5714,12.8418,9.7585,115
A0AAD8D5K3,7,20,2.857,2.323,0.2577,110.19,0.72,9.9672,2.8174,7.4656,11.0873,2.1464,63
A0AAD8FMK1,11,26,2.364,2.301,0.2801,111.489,2.019,19.5052,2.6116,15.3192,17.5766,0.3092,124
A0AAD9BSH5,3,9,3.0,2.2522,0.2135,108.213,1.257,3.3364,3.1497,1.9282,36.5668,33.4974,70
A0AAE0Y359,6,16,2.667,2.2279,0.1897,109.3,0.17,9.3584,2.889,6.8214,10.774,0.7023,66
A0AAE1K2Q1,6,14,2.333,2.3304,0.2302,111.073,1.603,9.3717,2.8469,6.7765,30.6224,19.0843,87
A0AAN8JZ53,6,13,2.167,2.3689,0.2943,115.822,6.352,11.3448,2.7849,8.4435,11.1497,1.8584,70
A0AAN8K3G9,6,19,3.167,2.3598,0.2766,102.884,6.586,4.9001,2.9234,3.368,9.4079,1.7285,72
A0AAN8K993,6,12,2.0,2.302,0.3556,106.685,2.785,7.9434,2.4374,5.7652,10.6686,1.3094,72
A0AAN8KD72,6,10,1.667,2.4307,0.3182,100.467,9.003,7.7524,2.4838,5.5688,10.3633,2.3423,71
A0AAQ4PF34,7,12,1.714,2.4064,0.2596,105.16,4.31,11.0074,2.7232,8.3919,12.8521,3.4878,64
A0AAQ4R673,7,16,2.286,2.25,0.2447,116.894,7.424,12.0495,2.9559,9.1981,12.3982,1.8818,60
A0AAQ4REG4,6,12,2.0,2.3691,0.23,111.131,1.661,9.532,3.2582,6.9479,10.797,1.2829,57
A0AAV1PBI7,7,16,2.286,2.4257,0.2133,110.593,1.123,10.7427,2.9655,8.1589,11.2734,1.8187,60
A0AAV2HW41,5,14,2.8,2.425,0.202,108.426,1.044,9.9776,3.5111,7.1203,11.422,0.689,58
A0AAV2QT66,7,11,1.571,2.4294,0.2597,100.632,8.838,8.4826,2.4237,6.2835,15.6351,9.8275,102
A0AAV4ARX4,3,4,1.333,2.216,0.285,149.897,40.427,2.9574,2.4255,1.7539,11.9404,10.3814,81
A0AAV4EUN4,3,5,1.667,2.3608,0.2899,127.659,18.189,3.4498,3.0552,2.0105,11.1426,3.9743,83
A0AAV6GII3,7,18,2.571,2.3528,0.2622,110.754,1.284,11.2436,2.9559,8.5468,11.5685,1.8846,60
A0AAW1RJ05,9,26,2.889,2.2954,0.2935,107.057,2.413,16.0603,2.634,11.9193,20.5333,8.8751,126
A0AAW1RYH7,3,7,2.333,2.3252,0.3152,105.409,4.061,3.5014,2.6531,2.0703,20.0326,7.009,82
A0AAX4NZV8,3,10,3.333,2.3122,0.3397,109.244,0.226,3.3511,2.5261,2.0393,27.0719,18.3448,90
A0AAY4END1,7,20,2.857,2.252,0.2576,113.389,3.919,11.2623,3.1303,8.5622,11.5027,1.989,60
A0AAZ3Q663,7,21,3.0,2.3519,0.2742,112.258,2.788,10.6966,2.9097,8.0649,11.3391,1.4997,60
A0AAZ3RTC6,6,17,2.833,2.3394,0.2448,109.98,0.51,9.8754,2.8482,7.35,10.5995,1.8813,59
A0AAZ3STN5,7,20,2.857,2.3438,0.2438,112.837,3.367,9.5972,3.2242,7.1516,11.1328,0.9145,61
A0AB34HGU8,5,9,1.8,2.3748,0.3146,119.772,10.302,4.5189,2.6825,2.9736,12.2646,9.4721,110
A0AB34HM13,7,13,1.857,2.2594,0.2899,117.317,7.847,10.8124,2.5484,8.2289,11.4663,1.717,67
A0ABD0L8S5,3,5,1.667,2.407,0.4136,131.623,22.153,2.7786,2.4031,1.6229,16.4263,11.019,110
A0ABD0LPS7,3,8,2.667,2.2701,0.3078,113.632,4.162,4.4367,3.3277,2.6977,9.7935,1.4756,61
A0ABD2H640,7,18,2.571,2.2869,0.3184,113.392,3.922,11.0177,2.706,8.3698,11.5734,2.0111,60
A0ABD2H6M1,7,14,2.0,2.3594,0.3002,112.309,2.839,10.6451,2.6069,8.0702,11.3693,1.5432,60
A0ABD2H871,9,17,1.889,2.3749,0.2357,109.193,0.277,17.413,2.86,14.6671,22.688,17.1128,130
A0ABM3SGP1,7,14,2.0,2.3772,0.2997,106.955,2.515,12.1942,2.9827,9.3388,12.1727,1.7243,61
A0ABM3SL92,7,22,3.143,2.3491,0.299,111.248,1.778,11.9116,2.8716,9.1017,12.0061,1.7231,61
A0ABM3TLZ0,6,13,2.167,2.2927,0.2765,107.658,1.812,12.156,2.8457,9.0972,15.3862,5.8509,90
A0ABM3UGN0,5,15,3.0,2.3781,0.2506,111.831,2.361,9.8509,2.8634,7.1372,10.657,1.9397,53
A0ABM3UGU2,7,17,2.429,2.3701,0.2344,118.189,8.719,10.0933,3.2335,7.4961,11.4977,0.9242,64
A0ABN8LK53,5,8,1.6,2.2239,0.3078,140.449,30.979,4.0202,2.7255,2.6385,13.8167,8.798,117
A0ABN8LP55,3,12,4.0,2.3437,0.1749,109.287,0.183,3.603,3.4569,2.0818,29.2365,20.5501,89
A0ABN8PEI1,2,7,3.5,2.4127,0.2561,108.072,1.398,3.4719,3.4719,1.7359,47.0461,42.2771,91
A0ABN8QBS2,3,8,2.667,2.498,0.2179,108.162,1.308,2.9108,2.3152,1.7223,10.1455,5.8945,59
A0ABN8QFG8,3,10,3.333,2.2961,0.2248,111.23,1.76,3.626,3.4482,2.0948,24.6956,17.5765,89
A0ABN8S2V1,5,9,1.8,2.2736,0.3132,124.963,15.493,4.5237,2.6382,3.0054,14.3988,11.5319,106
A0ABQ7GJK0,3,4,1.333,2.1334,0.2759,119.462,9.992,5.0489,3.985,2.9571,9.9454,4.2689,70
A0ABQ9EAG0,7,21,3.0,2.3336,0.2301,111.39,1.92,11.5246,2.9081,8.7411,11.3519,0.5432,71
A0ABY7FRS2,6,16,2.667,2.3963,0.2749,112.222,2.752,14.6141,2.6518,11.1205,13.3342,0.8286,65
A0ABY8UHK5,6,16,2.667,2.2022,0.2844,111.711,2.241,8.5242,2.7278,6.1919,13.9946,3.9152,74
A0ACB7FDW3,3,11,3.667,2.3315,0.3147,108.224,1.246,3.1161,2.2825,1.8749,14.7836,16.4564,93
A0ACB9XHR6,7,16,2.286,2.386,0.2677,107.063,2.407,11.2792,3.0097,8.6001,11.6477,2.097,60
A1XDQ0,7,23,3.286,2.3664,0.2134,109.552,0.082,10.8303,2.836,8.1872,11.6143,1.2028,75
A1YWB3,7,17,2.429,2.3635,0.2312,116.432,6.962,11.3061,2.4733,8.642,11.1879,0.5736,73
A1YWB4,8,23,2.875,2.3465,0.2729,112.617,3.147,11.9022,2.7411,9.1874,11.8053,2.7738,72
A2I5Y3,7,11,1.571,2.2633,0.2986,116.098,6.628,10.099,2.602,7.6375,10.7495,0.5908,64
A2I5Y4,6,12,2.0,2.2601,0.2328,115.313,5.843,6.846,3.1477,4.9032,9.1158,2.0695,59
A3FM99,7,15,2.143,2.2381,0.2355,116.856,7.386,11.6536,2.9699,8.8847,12.1776,2.0735,60
A3RG99,4,13,3.25,2.3041,0.2932,111.081,1.611,4.1489,2.9305,2.6774,8.8066,1.3752,44
A4RUP3,3,6,2.0,2.3906,0.1982,102.725,6.745,3.2042,2.754,1.8597,20.6668,12.6681,71
A4S3C7,5,15,3.0,2.3677,0.2516,112.535,3.065,8.5309,2.7985,6.0721,9.5924,0.8057,51
A5A2H9,6,17,2.833,2.3398,0.2466,110.236,0.766,9.9947,2.6367,7.6269,11.0207,1.4345,66
A5A2I2,7,15,2.143,2.3963,0.2684,114.348,4.878,9.6643,2.5405,7.2952,11.2405,1.6848,73
A7DY24,6,16,2.667,2.3999,0.2845,108.932,0.538,8.2753,2.8408,5.9756,9.8604,1.6526,58
A7DY25,6,14,2.333,2.1772,0.2627,119.19,9.72,7.5205,2.4913,5.4035,9.7306,1.5083,58
A7DY26,6,15,2.5,2.3239,0.276,117.414,7.944,7.565,3.132,5.4111,9.7576,1.6495,58
A7DY27,6,12,2.0,2.3926,0.3173,110.96,1.49,8.5753,2.6416,6.2513,9.7296,2.0914,58
A7DY28,6,12,2.0,2.2962,0.3282,123.836,14.366,9.5394,2.3643,7.0111,10.1451,1.2205,58
A7DY29,6,16,2.667,2.2608,0.2565,111.389,1.919,9.239,2.616,6.7247,10.491,1.3564,60
A7DY30,6,14,2.333,2.4199,0.2756,108.483,0.987,7.3739,2.7047,5.3096,9.7859,1.558,58
A7DY31,6,13,2.167,2.3526,0.266,105.686,3.784,7.2291,2.1777,5.204,9.8287,1.2866,59
A7DY32,6,15,2.5,2.3734,0.2921,113.692,4.222,8.1326,3.1739,5.8761,10.1951,1.399,58
A7DY33,6,14,2.333,2.333,0.3275,117.33,7.86,6.8244,2.5037,4.8967,9.7871,1.4117,58
A7DY34,6,17,2.833,2.3119,0.2377,106.771,2.699,8.3312,3.0585,6.0364,10.1471,1.8424,58
A7DY35,6,16,2.667,2.2799,0.2652,113.367,3.897,6.2742,3.1062,4.3587,9.1489,1.7262,58
A7DY36,6,17,2.833,2.3569,0.3181,111.692,2.222,6.7741,2.6032,4.8632,9.3374,1.956,58
A7LBN4,7,25,3.571,2.4051,0.1896,110.122,0.652,11.1882,2.9948,8.4636,11.5507,1.3523,72
A7Y9I4,7,14,2.0,2.3262,0.2324,119.406,9.936,10.9129,2.8675,8.272,11.377,1.9906,60
A8DPB8,5,11,2.2,2.3433,0.3128,110.137,0.667,9.7182,3.1566,6.9951,10.2071,1.8067,47
A9NJG1,6,21,3.5,2.3679,0.2726,111.658,2.188,11.595,2.6358,8.7063,11.7067,2.2728,66
B0FYY2,7,17,2.429,2.3644,0.3254,115.771,6.301,11.8299,3.1463,9.0186,12.0044,2.2015,60
B1Q016,7,14,2.0,2.2617,0.3128,120.05,10.58,10.6676,2.5137,8.1227,11.3625,1.0429,72
B2KNX2,7,18,2.571,2.3449,0.2653,111.184,1.714,11.638,2.8482,8.8946,11.8084,1.9783,60
B5T1N2,7,18,2.571,2.3544,0.2741,114.762,5.292,10.4002,3.1639,7.8207,11.2023,1.6125,60
B5U0R0,7,21,3.0,2.4059,0.254,108.73,0.74,12.0424,3.2009,9.1742,11.963,0.2641,75
B6CM32,7,17,2.429,2.4094,0.2102,116.247,6.777,11.0558,3.1727,8.3905,11.4865,1.9702,60
B8XJJ2,7,20,2.857,2.3671,0.2925,111.901,2.431,11.1634,2.7456,8.4344,11.9555,1.2212,75
C0IN14,7,15,2.143,2.2366,0.2427,112.435,2.965,10.3484,3.0985,7.7149,11.3617,1.6591,85
C0IN15,7,18,2.571,2.3954,0.2109,111.582,2.112,11.1266,2.495,8.4975,12.0926,1.1903,80
C1IE33,7,18,2.571,2.4285,0.2303,107.417,2.053,10.525,2.7912,7.9467,11.5912,1.3876,78
C1IE34,7,13,1.857,2.3223,0.2491,110.218,0.748,11.1883,2.6618,8.4902,11.6567,1.1822,80
C1IE35,7,24,3.429,2.3116,0.2443,106.99,2.48,11.5158,2.6331,8.7934,11.6829,0.4483,80
C1IE36,7,20,2.857,2.401,0.2591,114.578,5.108,12.5752,2.7577,9.5995,12.5505,2.0024,80
C1IE37,7,17,2.429,2.211,0.265,116.001,6.531,11.5806,2.7422,8.64,11.7165,1.7392,83
C1KGV1,5,12,2.4,2.2971,0.3271,110.649,1.179,4.1228,2.7773,2.7235,8.5673,1.8549,44
C5H5D7,9,19,2.111,2.2213,0.2689,109.621,0.151,13.418,3.0958,10.1335,12.8914,1.7251,110
C6KEH6,7,22,3.143,2.3529,0.2712,113.396,3.926,11.0051,2.4733,8.3964,11.1575,1.4982,71
D1LZJ8,6,15,2.5,2.3338,0.2209,117.988,8.518,9.7068,2.6564,7.153,10.7859,0.9763,64
D1LZJ9,6,23,3.833,2.4181,0.2876,109.265,0.205,10.2431,2.6928,7.5743,10.9945,1.6689,64
D2XV88,5,12,2.4,2.2443,0.2762,118.779,9.309,7.9983,3.173,5.7293,10.5814,2.5249,59
D3VN22,6,9,1.5,2.4924,0.2015,98.135,11.335,7.8605,2.7357,5.6901,9.8565,1.5285,58
D3VN23,6,11,1.833,2.2296,0.2705,121.905,12.435,7.176,2.367,5.1596,9.8713,1.4478,58
D3VN24,6,15,2.5,2.2781,0.2771,118.201,8.731,8.1491,2.7159,5.894,9.8482,1.2597,58
D4HNE2,6,16,2.667,2.328,0.2382,108.494,0.976,10.6425,2.6685,7.9092,10.9218,1.6116,59
D5FXN7,7,14,2.0,2.4001,0.2292,106.567,2.903,10.5637,2.4943,8.0217,11.4703,1.9418,60
D5FXN8,7,18,2.571,2.3084,0.2556,111.658,2.188,10.7053,2.9742,8.0977,11.431,1.6093,60
D5FXN9,7,18,2.571,2.344,0.3087,108.716,0.754,10.7419,2.868,8.1447,11.4521,1.786,60
D5FXP0,7,17,2.429,2.4365,0.2626,108.873,0.597,11.1383,2.9886,8.446,11.543,2.0116,60
D5FXP1,7,18,2.571,2.4304,0.2849,106.293,3.177,10.6302,2.9301,8.0416,11.2694,1.9037,60
D5FXP2,7,18,2.571,2.4073,0.2789,113.244,3.774,11.2582,2.6202,8.5543,11.7969,1.8431,60
D5FXP3,6,13,2.167,2.3615,0.2642,106.781,2.689,11.3855,3.1995,8.4439,11.568,1.2529,60
D5FXP4,7,17,2.429,2.3629,0.3052,111.926,2.456,11.369,2.9424,8.6692,11.8904,1.9284,60
D5FXP5,6,14,2.333,2.3037,0.2213,104.899,4.571,11.069,3.1776,8.1961,11.9495,1.0805,60
D5FXP6,7,15,2.143,2.2812,0.2614,117.643,8.173,11.2378,2.6397,8.568,11.8173,1.825,60
D5FXP7,7,14,2.0,2.2527,0.2117,113.64,4.17,10.9737,2.785,8.3432,11.7732,1.9849,60
D5FXP8,7,18,2.571,2.2971,0.2892,113.244,3.774,11.5368,2.8127,8.7884,11.8663,2.0323,60
D5FXP9,7,13,1.857,2.3028,0.2654,116.653,7.183,10.7973,2.6989,8.1935,11.3282,2.1853,60
D5FXQ0,7,16,2.286,2.2983,0.2566,115.646,6.176,11.3274,3.0362,8.6541,11.7371,1.9999,60
D5LN07,7,20,2.857,2.2776,0.2717,110.026,0.556,11.6022,3.1961,8.8406,11.826,1.9042,60
E4XKB4,7,19,2.714,2.3576,0.3227,107.777,1.693,11.2693,2.5628,8.6044,11.3048,1.0387,72
E5KXY4,6,16,2.667,2.3115,0.2576,110.291,0.821,8.675,2.9785,6.3257,10.0742,1.6183,58
E6Y2Z6,6,18,3.0,2.3017,0.2544,111.254,1.784,14.6089,2.9008,11.0558,13.4017,2.2428,69
E9K8X5,6,12,2.0,2.4091,0.2592,117.833,8.363,6.3561,2.7433,4.558,9.8325,1.132,59
E9NMF3,7,20,2.857,2.3437,0.2785,111.862,2.392,11.4062,3.4046,8.6576,11.6898,1.6722,73
E9NMF5,7,18,2.571,2.4554,0.2785,117.857,8.387,9.8685,2.6311,7.4368,10.6668,1.1338,69
F4Y9K5,7,19,2.714,2.2847,0.3015,110.89,1.42,10.1432,3.1135,7.6812,11.5165,1.5306,76
F5A7P5,7,21,3.0,2.3028,0.318,113.434,3.964,10.4192,3.0465,7.9315,11.2857,1.1032,75
F6K6C6,5,13,2.6,2.3948,0.2425,112.398,2.928,9.7591,2.4872,7.0826,11.3795,2.7994,74
F6M9X3,6,18,3.0,2.3108,0.2481,106.919,2.551,11.3255,2.641,8.447,11.9534,1.6775,62
F8UU34,6,14,2.333,2.3373,0.2659,109.364,0.106,6.3103,3.1614,4.3932,9.6464,1.4903,59
H2DFQ0,7,20,2.857,2.4116,0.2312,112.57,3.1,11.0018,2.5753,8.3586,11.4897,1.1735,73
H2DFQ1,7,24,3.429,2.385,0.2594,108.001,1.469,10.8542,3.1552,8.1691,11.615,0.884,73
H2DFQ2,7,24,3.429,2.3915,0.2454,109.945,0.475,11.2562,2.696,8.5181,11.7038,1.3093,73
H2DFQ3,7,21,3.0,2.3744,0.2591,109.579,0.109,11.6581,2.7793,8.8662,12.1321,1.1628,73
H2DFQ4,7,22,3.143,2.3705,0.213,110.586,1.116,12.6818,3.3092,9.7222,12.255,1.4882,73
H2DFQ5,7,23,3.286,2.3721,0.2555,110.381,0.911,12.3037,2.7188,9.4445,12.1012,1.3243,73
H2DFQ6,7,23,3.286,2.3325,0.2981,111.807,2.337,12.3703,2.7486,9.5318,11.8589,0.773,72
H2DFQ7,7,13,1.857,2.3577,0.2435,110.859,1.389,11.4758,2.7183,8.8125,11.6001,1.0782,72
H2DFQ8,7,18,2.571,2.3199,0.2664,115.432,5.962,11.9183,2.9464,9.1573,11.6881,0.7525,72
H2DFQ9,7,20,2.857,2.3768,0.2831,109.03,0.44,11.9537,2.5115,9.1905,11.6954,1.1292,72
H2ZRN7,6,17,2.833,2.3649,0.2405,113.705,4.235,10.2553,3.3183,7.5141,11.6154,1.746,62
H6BD71,4,7,1.75,2.3154,0.2459,110.702,1.232,3.7881,2.8373,2.3673,10.2534,3.7596,55
H6UE75,6,17,2.833,2.3332,0.2798,115.23,5.76,10.8872,3.1832,8.0718,11.4386,0.6265,60
H9LIF2,7,17,2.429,2.4068,0.2737,115.794,6.324,10.6452,2.6376,8.0891,11.5749,1.1921,75
H9LJ30,9,20,2.222,2.4031,0.26,110.065,0.595,10.2122,2.5604,7.7566,11.5592,1.5872,86
I0CAM4,7,21,3.0,2.3714,0.2491,114.297,4.827,10.5171,3.1136,8.0022,11.2268,1.1731,73
I1SRL5,7,18,2.571,2.3479,0.2665,114.538,5.068,10.903,2.9528,8.2586,11.3076,1.8572,60
I1U3Q5,7,15,2.143,2.2017,0.2159,120.259,10.789,11.6621,3.0965,8.8971,12.0112,2.269,60
I3NLQ1,6,21,3.5,2.3732,0.2896,105.413,4.057,9.0373,2.9855,6.5644,10.1252,1.4514,57
K4FSB9,7,21,3.0,2.4012,0.2955,107.14,2.33,12.1054,2.8814,9.2639,12.2464,2.2306,62
K4G976,7,20,2.857,2.4717,0.2364,106.017,3.453,12.3347,2.7531,9.4891,12.3703,2.0483,62
K4G9J9,7,20,2.857,2.3983,0.2368,109.618,0.148,11.3333,2.7972,8.641,11.9984,2.0649,62
K4G9S1,7,14,2.0,2.2599,0.2469,116.874,7.404,10.6534,2.159,8.1001,11.5727,1.8552,62
K4GAK2,7,16,2.286,2.3357,0.2684,112.866,3.396,12.9472,2.8293,9.9485,12.8028,2.3095,62
K4GAT6,7,18,2.571,2.3784,0.2945,109.273,0.197,11.2174,2.665,8.5265,11.6805,2.1496,62
K4GCD5,6,21,3.5,2.4485,0.2709,107.267,2.203,11.8215,3.0466,8.8196,12.2481,1.5025,62
K9J9Q8,7,14,2.0,2.3943,0.286,110.481,1.011,10.5925,2.5042,8.0743,11.749,0.9946,75
M1EX80,6,15,2.5,2.4122,0.2621,109.058,0.412,9.0395,2.755,6.6567,10.7241,1.2868,68
O02033,7,20,2.857,2.4406,0.3017,108.649,0.821,10.4782,2.477,7.9005,11.3356,1.9316,68
O13257,7,17,2.429,2.2659,0.2869,119.336,9.866,11.945,3.2659,9.1112,11.987,2.2704,60
O13269,7,16,2.286,2.3462,0.3099,118.161,8.691,10.8332,2.774,8.1776,11.4846,2.1239,60
O18842,7,22,3.143,2.3309,0.2576,111.858,2.388,12.2263,3.0471,9.3135,12.1749,1.5735,61
O62554,7,24,3.429,2.3982,0.192,107.251,2.219,12.5654,2.9741,9.5972,12.0671,1.4154,73
O93450,7,16,2.286,2.3014,0.2507,114.057,4.587,11.1093,2.7696,8.429,11.6392,1.4905,60
O93571,7,19,2.714,2.384,0.3213,111.3,1.83,11.879,2.8039,9.0597,12.0672,1.8254,60
O93593,7,20,2.857,2.3217,0.2175,111.265,1.795,10.715,2.948,8.0874,11.4102,1.7843,60
O93609,7,17,2.429,2.3676,0.2671,112.613,3.143,11.4014,3.0029,8.6919,11.7754,1.9896,60
P02805,6,15,2.5,2.3578,0.2293,108.626,0.844,8.2892,3.1274,6.01,9.9688,1.7706,58
P02806,6,17,2.833,2.2997,0.2651,104.721,4.749,10.5062,3.03,7.7535,10.6928,1.4424,57
P04734,7,15,2.143,2.3631,0.2997,116.168,6.698,7.0731,2.9165,5.1129,9.9249,2.1415,64
P07216,7,13,1.857,2.4775,0.1858,105.526,3.944,11.0573,2.551,8.3811,11.537,2.2697,60
P14425,7,19,2.714,2.2724,0.2908,115.84,6.37,11.3074,2.6102,8.5702,11.4622,1.1809,61
P23038,7,23,3.286,2.4626,0.2404,107.636,1.834,11.4021,3.3898,8.7056,12.1851,1.4898,75
P25127,7,15,2.143,2.3459,0.234,109.072,0.398,10.9693,2.9168,8.3114,11.5309,1.6285,60
P25128,7,17,2.429,2.3654,0.2084,111.853,2.383,11.0195,2.7788,8.3764,11.4195,1.8556,60
P29499,6,13,2.167,2.4741,0.3113,104.658,4.812,6.5233,2.8366,4.5904,9.4618,1.649,56
P33187,6,21,3.5,2.412,0.2255,109.465,0.005,10.7805,3.1972,7.9277,11.2612,1.6607,66
P51902,7,17,2.429,2.3694,0.2393,109.835,0.365,10.6269,3.0266,8.0242,11.2453,1.7945,60
P52720,7,15,2.143,2.3221,0.169,109.376,0.094,11.0236,2.7968,8.3314,11.4539,1.8766,60
P52721,7,17,2.429,2.3479,0.2319,120.125,10.655,11.7286,2.8339,8.9352,11.9448,1.5726,60
P52722,7,19,2.714,2.3121,0.2649,114.148,4.678,11.0072,2.9903,8.315,11.5229,1.7016,60
P52723,7,11,1.571,2.5834,0.2416,110.38,0.91,11.3787,2.2709,8.7087,11.8471,1.8034,60
P52724,7,18,2.571,2.3327,0.2282,115.284,5.814,11.7403,3.0909,8.9515,12.0326,2.0784,60
P52725,7,17,2.429,2.3536,0.2488,115.221,5.751,10.6948,3.085,8.0929,11.3806,1.9563,60
P52726,7,18,2.571,2.4018,0.2559,110.896,1.426,10.7835,2.8439,8.1578,11.0818,2.131,60
P52727,7,20,2.857,2.3311,0.2645,113.546,4.076,10.9597,2.9196,8.303,11.4773,1.949,60
P52728,7,17,2.429,2.2847,0.2859,121.02,11.55,11.5178,3.0557,8.7266,11.874,1.482,60
P55945,7,16,2.286,2.3645,0.2721,112.045,2.575,10.9171,2.9135,8.2753,11.4254,1.9594,60
P55946,6,13,2.167,2.2147,0.3443,121.382,11.912,10.9042,2.5761,8.1002,11.4394,1.7742,66
P55947,6,22,3.667,2.4229,0.1765,109.262,0.208,9.9203,3.4794,7.2369,10.8076,1.4415,64
P55948,6,17,2.833,2.3248,0.2967,110.445,0.975,8.9971,2.9795,6.5319,10.3829,1.8818,58
P55949,6,14,2.333,2.3876,0.2697,110.7,1.23,6.3922,2.9156,4.537,9.2928,1.9505,59
P55950,6,14,2.333,2.366,0.2664,104.09,5.38,8.4966,2.255,6.2174,9.8559,1.7447,58
P55951,6,16,2.667,2.2692,0.2515,111.459,1.989,9.8235,2.9033,7.1815,10.3613,1.2776,58
P55952,6,11,1.833,2.4417,0.2514,104.811,4.659,8.4286,2.7922,6.1188,9.9583,1.659,58
P55953,7,15,2.143,2.4183,0.2688,109.177,0.293,6.991,2.9331,5.1037,9.5892,1.8724,64
P62338,7,12,1.714,2.3616,0.2957,105.333,4.137,10.1541,2.7006,7.6586,11.3795,1.576,60
P62339,7,17,2.429,2.3599,0.3553,110.874,1.404,10.7453,2.5545,8.163,11.5929,1.7833,60
P62678,7,17,2.429,2.3213,0.2733,111.92,2.45,11.088,2.9036,8.3829,11.7028,1.7908,60
P62679,7,12,1.714,2.3868,0.2296,112.825,3.355,11.0755,2.5552,8.4458,11.6518,2.0198,60
P62680,7,21,3.0,2.439,0.218,111.962,2.492,11.1256,3.0777,8.4391,11.6285,1.892,60
P62681,7,13,1.857,2.4363,0.258,109.887,0.417,11.0653,2.3476,8.3961,11.6377,2.007,60
P62682,7,20,2.857,2.3966,0.2779,111.317,1.847,10.7899,2.9893,8.1775,11.5998,1.8819,60
P62711,7,13,1.857,2.3498,0.1742,116.914,7.444,11.3301,2.6201,8.6571,11.8247,2.0111,60
P62712,7,17,2.429,2.2484,0.2495,113.228,3.758,12.0624,3.0286,9.2293,12.2704,2.1924,60
P62713,7,17,2.429,2.3296,0.2816,114.697,5.227,11.74,3.1605,8.9673,12.0367,1.8818,60
P68501,7,18,2.571,2.4269,0.2828,107.131,2.339,10.9309,2.8666,8.2498,11.4544,1.6866,60
P68502,7,17,2.429,2.3033,0.2742,110.293,0.823,10.649,3.0032,8.0488,11.4921,1.6012,60
P68503,7,21,3.0,2.2794,0.2619,117.507,8.037,9.3963,3.077,6.9734,10.8697,1.2414,61
P68504,7,16,2.286,2.2228,0.2635,115.841,6.371,9.4019,3.1595,6.9879,10.8778,1.2397,61
P68505,7,14,2.0,2.4634,0.2657,110.027,0.557,9.0237,2.4569,6.683,10.8712,0.6237,61
P68506,7,15,2.143,2.3417,0.2906,110.02,0.55,11.0622,2.524,8.4121,11.52,2.2561,60
P68507,7,20,2.857,2.3615,0.2016,117.187,7.717,11.9389,3.1709,9.1001,12.1304,2.194,60
P68508,7,17,2.429,2.2754,0.2832,114.452,4.982,11.3968,2.5558,8.7092,11.9285,2.2306,60
P69153,8,22,2.75,2.4266,0.2546,110.292,0.822,11.185,2.8442,8.5621,11.5861,2.356,72
P69154,8,18,2.25,2.4079,0.2892,113.121,3.651,10.9924,2.7837,8.4218,11.3549,2.4266,72
P80246,7,14,2.0,2.3642,0.3078,123.257,13.787,10.4089,3.1042,7.812,11.8681,1.5331,73
P80247,7,15,2.143,2.3333,0.2949,109.699,0.229,11.2995,2.9237,8.6779,11.3696,0.6129,73
P80248,7,19,2.714,2.3854,0.2593,110.736,1.266,11.3766,2.5284,8.6371,11.8584,1.8126,73
P80249,7,21,3.0,2.3931,0.2419,112.705,3.235,11.6211,3.2149,8.8385,11.9407,1.8737,73
P80251,8,19,2.375,2.2947,0.2619,115.454,5.984,10.175,2.9611,7.7357,11.0553,1.972,71
P80252,8,19,2.375,2.3704,0.3169,114.916,5.446,11.9133,2.6932,9.1856,12.0379,2.9146,72
P80258,8,19,2.375,2.4439,0.1816,114.186,4.716,10.1129,2.0179,7.6607,10.835,1.8182,71
P80367,7,16,2.286,2.444,0.2486,103.745,5.725,9.3149,3.039,6.9053,10.8601,1.9012,65
P80593,7,17,2.429,2.3571,0.2862,107.782,1.688,11.1805,3.0007,8.497,11.5939,1.9866,60
Q0H9V6,8,23,2.875,2.3491,0.2915,109.382,0.088,10.1182,2.2366,7.7069,11.8834,1.4361,83
Q0H9V7,8,23,2.875,2.3681,0.2727,109.123,0.347,11.0215,2.5593,8.4313,11.6485,2.0221,83
Q0H9V8,8,20,2.5,2.3672,0.2469,108.972,0.498,10.081,1.783,7.6938,11.863,1.247,83
Q0PHS7,7,18,2.571,2.3148,0.2192,116.027,6.557,12.2231,2.5963,9.346,11.6715,0.6233,73
Q0PHS8,7,20,2.857,2.4062,0.2167,110.727,1.257,11.1172,3.2136,8.4102,11.2398,0.3241,73
Q1W1H4,6,11,1.833,2.3083,0.3124,118.626,9.156,7.3805,2.0901,5.3552,11.4938,3.3355,60
Q26496,7,19,2.714,2.3674,0.2357,108.655,0.815,8.683,2.6665,6.3923,10.5825,2.2575,67
Q26497,7,15,2.143,2.3968,0.2891,107.41,2.06,7.826,2.7391,5.7108,10.2254,1.8348,67
Q27287,7,17,2.429,2.4193,0.236,112.651,3.181,7.828,3.1258,5.6877,9.9658,1.213,65
Q2TU61,7,16,2.286,2.2379,0.2491,112.487,3.017,10.775,2.7488,8.2252,11.9378,1.4948,76
Q3YAF6,6,18,3.0,2.4013,0.2555,110.487,1.017,6.5969,3.1606,4.6927,10.074,0.9435,62
Q4QY82,7,21,3.0,2.3971,0.2477,111.128,1.658,11.1027,3.2158,8.4355,11.5719,2.0658,60
Q4SKC7,7,19,2.714,2.3522,0.2961,109.131,0.339,10.4581,2.823,7.903,12.1075,1.3813,69
Q4SKC8,7,16,2.286,2.2671,0.2458,121.212,11.742,11.0809,2.9884,8.3991,11.6507,1.7911,60
Q53ZD1,7,22,3.143,2.3656,0.3243,112.017,2.547,11.3067,3.0659,8.6501,12.288,1.5468,75
Q53ZD2,7,19,2.714,2.3567,0.2462,112.97,3.5,11.2881,2.5916,8.6276,12.1772,1.3065,75
Q548Y2,6,15,2.5,2.2823,0.2702,110.091,0.621,8.3929,2.5712,6.1359,9.5321,1.579,58
Q548Y3,6,15,2.5,2.4498,0.2697,110.531,1.061,6.5249,2.8225,4.6637,9.4714,2.0356,59
Q58NQ8,6,8,1.333,2.4111,0.2235,92.492,16.978,9.5274,2.2575,7.0685,10.5888,1.2239,62
Q5K4A5,8,21,2.625,2.4234,0.212,108.939,0.531,10.595,2.759,8.0146,10.9475,1.9875,69
Q5K4A6,8,16,2.0,2.3987,0.2356,109.982,0.512,10.4728,2.8191,7.9294,10.958,1.8118,69
Q5K4A7,7,19,2.714,2.4573,0.2721,109.281,0.189,11.3915,2.7873,8.7112,11.4548,1.5318,73
Q5K4A9,7,21,3.0,2.3743,0.2066,111.428,1.958,11.8767,2.8688,9.1185,11.6352,0.8676,73
Q697L7,7,17,2.429,2.3098,0.2909,114.466,4.996,11.3414,2.955,8.6377,11.7957,1.7538,73
Q697L8,8,19,2.375,2.3171,0.2956,113.168,3.698,9.4053,2.8681,7.0518,10.8494,1.2418,72
Q6J1T3,7,21,3.0,2.401,0.2848,108.511,0.959,10.1858,2.8147,7.6809,11.7169,2.0256,68
Q6Q0Z1,7,19,2.714,2.3869,0.3073,115.244,5.774,11.1877,2.9518,8.5551,11.9757,0.8234,77
Q6S4N8,7,22,3.143,2.3382,0.2725,112.624,3.154,11.5709,3.2034,8.7911,11.6678,2.2202,60
Q6VQN8,6,15,2.5,2.3578,0.3067,105.749,3.721,6.4655,2.7608,4.6251,10.0899,2.0973,62
Q6VQN9,6,15,2.5,2.387,0.2905,106.027,3.443,8.8235,2.4171,6.5416,10.7415,1.7107,62
Q6VQP5,8,19,2.375,2.4453,0.2988,110.7,1.23,11.6849,2.8511,9.0307,12.4944,1.0241,94
Q6VQP6,4,10,2.5,2.3516,0.2669,116.124,6.654,4.0753,2.8172,2.5635,8.9181,1.5403,43
Q6VQP7,4,10,2.5,2.3876,0.2828,110.589,1.119,4.0002,2.7609,2.5197,8.8675,1.463,43
Q6VQP8,7,22,3.143,2.383,0.1964,110.314,0.844,10.8997,2.6228,8.3212,11.5392,1.3328,75
Q6XUW5,7,20,2.857,2.3168,0.2897,107.292,2.178,12.2676,2.707,9.4474,12.3555,2.273,61
Q70JU7,7,22,3.143,2.353,0.2107,115.24,5.77,10.8134,3.0412,8.1327,11.0925,1.0083,70
Q70JU8,7,18,2.571,2.399,0.2497,111.917,2.447,11.236,2.8993,8.505,11.3431,0.7415,70
Q70JV0,6,18,3.0,2.3487,0.2463,108.711,0.759,11.0531,2.9094,8.1846,11.1623,1.8567,66
Q70JV1,7,22,3.143,2.3287,0.3161,110.899,1.429,11.8235,2.9704,9.0293,11.7436,1.5353,74
Q70JV2,7,18,2.571,2.3147,0.2513,111.482,2.012,12.2548,2.4694,9.4189,12.0704,1.3376,74
Q70WH3,7,20,2.857,2.4359,0.2648,110.474,1.004,12.3252,2.7872,9.4131,11.8846,0.3084,71
Q7YW25,6,16,2.667,2.3545,0.3424,110.138,0.668,7.8702,2.6664,5.7745,10.0443,1.6046,59
Q7YZP1,6,18,3.0,2.4111,0.1969,111.204,1.734,10.812,2.3245,8.0441,11.1455,1.2673,70
Q7ZSY6,7,18,2.571,2.3239,0.2366,115.786,6.316,11.5436,3.172,8.7732,11.9429,1.5714,60
Q7ZZP9,7,16,2.286,2.3666,0.2634,108.998,0.472,10.7667,2.8832,8.1215,11.0996,1.8056,60
Q800D3,7,15,2.143,2.3114,0.2302,122.971,13.501,10.7576,2.9366,8.1033,11.3667,2.008,60
Q86M28,6,14,2.333,2.3517,0.2746,115.246,5.776,6.3315,2.9685,4.4935,9.3697,1.1232,58
Q8AWG1,7,19,2.714,2.3632,0.2677,113.306,3.836,12.0488,3.2873,9.1894,12.2267,2.1935,60
Q8AWG2,7,15,2.143,2.2978,0.2509,106.317,3.153,11.4282,3.0023,8.6969,11.7105,1.8226,60
Q8JHC5,6,14,2.333,2.3645,0.2731,111.463,1.993,11.5904,2.8745,8.6245,11.4843,1.0046,57
Q8MUZ6,6,16,2.667,2.303,0.2943,112.3,2.83,9.5555,2.5384,7.0713,10.8159,1.2785,62
Q8UVY1,7,19,2.714,2.3594,0.2884,110.755,1.285,11.2611,2.9343,8.5737,11.5587,2.1153,60
Q92044,7,18,2.571,2.2817,0.2707,112.632,3.162,10.4259,3.2356,7.8417,11.2447,1.5162,60
Q94550,7,12,1.714,2.3222,0.2918,117.673,8.203,11.2166,2.5802,8.6113,11.5583,0.1676,73
Q95P38,6,13,2.167,2.2472,0.2571,116.416,6.946,8.6621,3.022,6.2636,10.0881,1.9449,58
Q95P49,6,18,3.0,2.2994,0.2419,113.922,4.452,9.9619,3.051,7.3316,10.7062,1.5485,65
Q95P50,6,23,3.833,2.4485,0.1522,109.424,0.046,10.7717,3.3109,7.9134,11.3509,1.7481,67
Q95U91,6,7,1.167,2.3223,0.3602,134.309,24.839,6.7579,2.6055,4.802,9.4749,1.3877,58
Q95U92,6,12,2.0,2.3299,0.3532,110.132,0.662,9.6156,2.5246,7.0292,11.1434,0.9583,58
Q95U93,6,17,2.833,2.4543,0.2406,107.438,2.032,7.705,3.0431,5.5331,10.0689,1.0163,58
Q962G0,9,27,3.0,2.3539,0.2459,111.985,2.515,14.7398,3.1449,11.2265,13.843,1.4831,100
Q966Z5,7,19,2.714,2.399,0.2537,107.926,1.544,8.962,3.0687,6.614,10.7856,1.6732,66
Q967H8,5,15,3.0,2.3928,0.2406,101.015,8.455,4.2249,2.6798,2.7798,8.6514,0.5337,54
Q967T9,7,19,2.714,2.3639,0.2002,109.265,0.205,11.0441,3.1065,8.3706,11.0762,0.4802,70
Q98TC0,5,10,2.0,2.4224,0.2348,110.089,0.619,4.4277,3.0624,2.96,8.5045,0.7485,48
Q98TP9,5,7,1.4,2.3336,0.3544,103.228,6.242,5.6051,3.0,3.7573,8.5192,0.7907,40
Q9BIV4,8,14,1.75,2.4135,0.2688,120.213,10.743,11.05,2.7626,8.5102,11.6672,1.574,80
Q9I9I0,7,19,2.714,2.3889,0.2511,112.17,2.7,11.8682,2.7149,9.0643,11.9897,1.8845,60
Q9IB50,7,14,2.0,2.2413,0.2656,113.993,4.523,11.5153,2.9845,8.7518,11.8299,1.9813,60
Q9N9H0,5,13,2.6,2.3723,0.3186,113.859,4.389,4.7607,2.8532,3.2081,8.6399,1.4679,47
Q9N9H1,6,17,2.833,2.4029,0.2056,113.212,3.742,9.98,2.9684,7.367,10.6226,0.9338,59
Q9N9H2,6,15,2.5,2.3103,0.3114,118.291,8.821,9.2708,2.7596,6.9452,10.5851,0.9626,57
Q9NG19,10,21,2.1,2.2893,0.321,109.968,0.498,13.0171,2.7122,9.6744,12.9879,0.6774,107
Q9PTG9,7,15,2.143,2.2644,0.2896,118.312,8.842,11.5669,3.1547,8.8043,11.9348,2.1446,60
Q9U1N5,7,19,2.714,2.4008,0.306,109.396,0.074,10.9911,2.6782,8.3877,11.9547,1.0474,75
Q9U568,7,18,2.571,2.3272,0.2905,112.709,3.239,10.9688,3.0279,8.2994,11.7073,1.1155,73
Q9U620,7,19,2.714,2.3611,0.2765,111.722,2.252,11.8758,2.6965,9.0772,11.7948,0.7355,64
Q9U623,6,14,2.333,2.4334,0.3,103.443,6.027,8.4487,2.7661,6.1093,9.4946,1.1199,58
R4J2G3,4,13,3.25,2.249,0.307,108.418,1.052,4.214,3.229,2.6623,9.7862,2.5447,46
R9WS48,7,18,2.571,2.3948,0.275,110.286,0.816,6.7629,2.5542,4.8614,9.8204,0.4391,64
S5FPE0,7,19,2.714,2.3617,0.2896,105.065,4.405,8.5529,1.4129,6.2885,10.849,1.7724,74
T2A7H3,7,13,1.857,2.395,0.276,116.749,7.279,12.1289,2.0843,9.5014,12.3883,1.6847,78
T2BQT3,6,15,2.5,2.3291,0.3083,115.676,6.206,8.4241,2.5479,6.1328,10.3385,1.8656,59
U3N546,7,23,3.286,2.3752,0.1731,110.808,1.338,11.2581,3.1133,8.4808,11.3159,1.6905,75
W5U1U9,7,22,3.143,2.3331,0.2243,108.447,1.023,10.9814,2.7079,8.3868,11.2985,1.4105,71
W5U2P4,7,19,2.714,2.4218,0.2877,107.843,1.627,12.0791,3.2736,9.2109,11.5235,0.4749,73
