feature,importance
esm2_794,0.026579013117477075
esm2_1758,0.016832715256423256
esm2_1521,0.01674368103275811
esm2_296,0.016473930913230763
esm2_1387,0.015397235013372302
esm2_1750,0.01444576097922394
esm2_1794,0.014394557400078497
esm2_259,0.013949774396126064
esm2_43,0.013443342655524387
esm2_1669,0.012471612598713067
esm2_132,0.012391040201415857
esm2_1247,0.01229115805584604
esm2_24,0.010926487507907116
esm2_1179,0.01014160883266731
esm2_926,0.009540578684181587
esm2_763,0.009459725358085173
esm2_2047,0.00940793207140876
esm2_135,0.008622134847137081
esm2_618,0.00844045124932649
esm2_1552,0.008072295482604104
esm2_347,0.007752359423135542
esm2_826,0.006006802808319647
esm2_1370,0.005846152904260512
esm2_233,0.005548825021057365
esm2_1408,0.005543472673379892
esm2_810,0.005357600116572404
esm2_2284,0.00512821128445
esm2_518,0.004879629165613975
esm2_1426,0.004725834484638199
esm2_273,0.004607615780501995
esm2_168,0.004521737542646451
esm2_1376,0.004218486075828234
esm2_382,0.004046266553267908
esm2_406,0.0038200128169729427
esm2_689,0.0036277872604664656
esm2_633,0.003510030466949095
esm2_1315,0.0034817327948944692
esm2_2246,0.003368842773511759
esm2_2383,0.0033193632185716184
esm2_1353,0.0032859945870779474
esm2_1309,0.0031309173390902346
esm2_1809,0.0030390216676452696
esm2_165,0.003018723625103483
esm2_1608,0.0029679643772399684
esm2_1965,0.0028841002307531493
esm2_1631,0.0028275814463127563
esm2_833,0.0027691493606592436
esm2_734,0.00266334315340815
esm2_1659,0.002662848161867978
esm2_1882,0.002620544944274161
esm2_827,0.002486621208553109
esm2_792,0.0024280202440859267
esm2_2400,0.002408461411910211
esm2_2279,0.002328861083556601
esm2_600,0.002311042850556729
esm2_1283,0.002281909698509524
esm2_2052,0.0022776561096474793
esm2_741,0.002245097472300633
esm2_675,0.0022111427903041335
esm2_2483,0.002199466581339898
esm2_236,0.0021654814436931394
esm2_1964,0.002072653093386351
esm2_1064,0.0020718972766556954
esm2_1410,0.0020705766407901807
esm2_948,0.0020308395178882375
esm2_1581,0.0020045251247845244
esm2_2232,0.0019665064116842585
esm2_2401,0.0019469137862256137
esm2_1725,0.0019280411017046342
esm2_687,0.0019114770029046557
esm2_1189,0.0018866519268146069
esm2_419,0.0018822073213148913
esm2_525,0.0018782663977883504
esm2_1427,0.0018581303462228698
esm2_945,0.0018377283272747224
esm2_1015,0.0018134833163581476
esm2_343,0.0017943031513697064
esm2_919,0.0017271900506730116
esm2_981,0.0016767770893723693
esm2_364,0.0016627885288469603
esm2_2461,0.0016603978250562886
esm2_38,0.0016472379008926504
esm2_1271,0.001628188868450516
esm2_1030,0.0016102969149637957
esm2_1330,0.0015961176857646547
esm2_1450,0.0015745752040984772
esm2_1495,0.0015707825728557877
esm2_758,0.0015551190351604472
esm2_1692,0.00151978197042043
esm2_1329,0.0015056843394765662
esm2_185,0.0015015935929600618
esm2_1751,0.0014980548097773003
esm2_882,0.001486714638622074
esm2_2004,0.0014814318140795022
esm2_856,0.0014803827900565418
esm2_971,0.0014753048168262492
esm2_2293,0.0014361182012985266
esm2_1420,0.001426083651409422
esm2_2271,0.0014255833797787612
esm2_2396,0.0014250562025254418
esm2_561,0.001423532960458835
esm2_2156,0.0014197202818462878
esm2_396,0.0014196465564418161
esm2_339,0.0014113525469702044
esm2_1839,0.0014106544310537226
esm2_968,0.0013920527697869442
esm2_557,0.0013894486453232314
esm2_1048,0.0013631337991203722
esm2_1040,0.001343207312178534
esm2_2286,0.0013394126680569452
esm2_2173,0.0013392993726433087
esm2_1128,0.0013380244653320276
esm2_1611,0.0013287766551505055
esm2_1673,0.001304985841137293
esm2_498,0.0012930765030214966
esm2_1182,0.0012899791649077137
esm2_766,0.0012803487653711622
esm2_852,0.001255663312727895
esm2_1726,0.0012507110008939345
esm2_1246,0.0012422459892307406
esm2_1777,0.0012267086680500488
esm2_541,0.001220788179796483
esm2_1051,0.0012056147589630786
esm2_832,0.0012047876791084562
esm2_340,0.001196851729170483
esm2_1092,0.00117703367356653
esm2_2335,0.001172386757951539
esm2_277,0.0011513067023533113
esm2_578,0.0011501531579534029
esm2_2329,0.0011465129464732213
esm2_2372,0.0011463588140320803
esm2_2097,0.0011444164826754995
esm2_1775,0.0011371471161275197
esm2_1123,0.001134920583611335
esm2_208,0.0011316479249675678
esm2_2194,0.0011314027150275833
esm2_1932,0.001128048221513902
esm2_1024,0.0011242737851175715
esm2_405,0.0011158990572532983
esm2_1423,0.0011110874360975144
esm2_1013,0.0011007650303182484
esm2_177,0.0010999284835979692
esm2_610,0.0010968926141265148
esm2_414,0.001093197366901553
esm2_1181,0.0010905676800945009
esm2_1167,0.0010898340416442742
esm2_1436,0.0010803084332988934
esm2_349,0.0010792760812900852
esm2_1296,0.001071941791322703
esm2_1313,0.0010672761547484806
esm2_1138,0.0010663038593430464
esm2_2068,0.0010657113508385533
esm2_1038,0.0010515793628737913
esm2_2350,0.0010504032508168964
esm2_33,0.0010458695456392164
esm2_868,0.001038789330921452
esm2_451,0.0010328462600338445
esm2_331,0.0010233037446943402
esm2_959,0.0010232441624772014
esm2_756,0.0010193737771813035
esm2_1928,0.001016475584430916
esm2_86,0.0010123918636436538
esm2_1559,0.0010108863231469327
esm2_2138,0.0010108472827506307
esm2_569,0.0010042660526980048
esm2_1222,0.0009926164101505793
esm2_2388,0.0009869867384919438
esm2_740,0.0009811438128676884
esm2_777,0.0009645602225348431
esm2_1757,0.0009638580366823927
esm2_68,0.0009493141639217083
esm2_966,0.0009453733784221765
esm2_2152,0.0009440113760969478
esm2_782,0.0009400421773841962
esm2_1430,0.0009337753217377746
esm2_370,0.0009325355900986511
esm2_1405,0.0009297892228339248
esm2_2053,0.0009290301714208953
esm2_1537,0.0009257130464527509
esm2_2556,0.0009213571470720084
esm2_1708,0.000917968955368392
esm2_205,0.0009104643025256193
esm2_582,0.000907409589540732
esm2_736,0.0008988301398712114
esm2_2451,0.000896095105825143
esm2_1840,0.0008864617309452656
esm2_258,0.0008834620685351396
esm2_1978,0.000881415033574312
esm2_1358,0.0008813111559100878
esm2_2157,0.0008811163619892398
esm2_2521,0.0008804902776734602
esm2_1185,0.0008778465438960506
esm2_2226,0.0008748061509689653
esm2_104,0.0008683247228820669
esm2_1494,0.0008679795184944931
esm2_2162,0.0008651190211519399
esm2_1873,0.0008631731928959045
esm2_74,0.0008622840005743979
esm2_44,0.0008578374223847364
esm2_2233,0.0008423924126876349
esm2_102,0.0008423408072014421
esm2_2545,0.0008420139478852495
esm2_2419,0.0008317191527257137
esm2_773,0.0008248113924081145
esm2_1412,0.0008208630969430644
esm2_908,0.0008170975791864172
esm2_1645,0.0008156956554612482
esm2_1992,0.000810720616101734
esm2_585,0.0008095770899146108
esm2_153,0.0008092309014031921
esm2_1176,0.0008069061743136927
esm2_426,0.0008036148421043935
esm2_2132,0.0008005355898850959
esm2_2450,0.0007998459697786773
esm2_337,0.0007956515901954131
esm2_2422,0.0007943288576116094
esm2_1923,0.0007937351197498508
esm2_372,0.0007929319083997202
esm2_1449,0.0007842849517676795
esm2_1490,0.0007819025672300871
esm2_566,0.0007754411096575843
esm2_485,0.0007744394793686039
esm2_1930,0.0007701364528825872
esm2_2230,0.0007696648785199554
esm2_1257,0.000769505500764121
esm2_954,0.0007628426500366545
esm2_462,0.000757808439917492
esm2_1860,0.000753393173236672
esm2_1621,0.0007460428569249878
esm2_1973,0.0007443670466978306
esm2_2489,0.0007398153227130254
esm2_1043,0.0007377036606304862
esm2_624,0.0007355061184989101
esm2_938,0.0007347514651959489
esm2_1403,0.0007343761152072367
esm2_2151,0.0007270528817236386
esm2_2100,0.0007200619630081551
esm2_1398,0.0007169377230371352
esm2_2128,0.0007157918136540867
esm2_1513,0.0007156923301107003
esm2_1259,0.0007150875229189759
esm2_1687,0.0007150049367369251
esm2_457,0.0007146429649870168
esm2_900,0.0007121910300381069
esm2_1481,0.0007110160959939693
esm2_57,0.0007093030409047365
esm2_1752,0.0007089747766261608
esm2_1606,0.0007083553511483575
esm2_1098,0.0007069613492691773
esm2_2088,0.0007067917791146253
esm2_1676,0.0007064473603820604
esm2_1922,0.0007064409255288273
esm2_1404,0.0007038762964795675
esm2_2392,0.0007032966242589455
esm2_2446,0.000701613886616048
esm2_791,0.0007006849957074572
esm2_130,0.0007003941201223713
esm2_1372,0.0006987937724808812
esm2_732,0.0006966797127868319
esm2_50,0.0006966434508475226
esm2_1187,0.0006919800850999967
esm2_2416,0.0006909308947143515
esm2_392,0.0006884783836977637
esm2_2037,0.0006876802209580993
esm2_2424,0.0006821760116593205
esm2_1245,0.0006811897073283748
esm2_283,0.0006796721634890738
esm2_1125,0.0006790479710185043
esm2_171,0.0006751561721711299
esm2_1921,0.0006707753416009344
esm2_1850,0.000669408152755484
esm2_2095,0.0006663762908752561
esm2_36,0.000664561352451561
esm2_2036,0.0006616259101594266
esm2_1190,0.0006610636424881816
esm2_307,0.0006578190778186359
esm2_2387,0.0006504602577654797
esm2_2488,0.0006476066774831967
esm2_248,0.0006473992026624324
esm2_1371,0.0006460440920472387
esm2_2235,0.0006444463884406845
esm2_914,0.0006442050495826507
esm2_476,0.000643231190337048
esm2_1719,0.0006380131407483544
esm2_1847,0.0006361204334393978
esm2_572,0.0006340934564510446
esm2_1993,0.0006340464546403083
esm2_1118,0.0006338475154733098
esm2_136,0.0006334388898125346
esm2_2320,0.0006303060968454998
esm2_1527,0.0006280435419860684
esm2_1003,0.000627954487131661
esm2_1634,0.0006265926962682835
esm2_1066,0.0006238242072326046
esm2_1986,0.0006213643282848408
esm2_1525,0.0006197744807495847
esm2_1874,0.0006192161446264597
esm2_2541,0.0006183304559169083
esm2_922,0.0006158920997576323
esm2_1755,0.0006125296577117166
esm2_2186,0.0006109699450880426
esm2_2,0.0006106683987297828
esm2_2098,0.0006098471501753122
esm2_1556,0.0006061809897955488
esm2_627,0.0006034844027984966
esm2_1916,0.0006020157130065346
esm2_318,0.000601420464931433
esm2_2389,0.0006003172582430048
esm2_2349,0.000600189001747622
esm2_1166,0.0005996240600472094
esm2_2532,0.0005977229989532792
esm2_1960,0.0005975617709979812
esm2_96,0.0005948283883117531
esm2_1910,0.0005938452860298915
esm2_2148,0.0005926682379889923
esm2_1491,0.0005914080379896454
esm2_1158,0.000590368898847295
esm2_2421,0.0005853440300240409
esm2_870,0.0005844951660429275
esm2_2501,0.000581713899343924
esm2_253,0.0005801902850039923
esm2_612,0.00057960813711291
esm2_813,0.0005733436742852386
esm2_1853,0.0005725932878214916
esm2_2409,0.000572298855655656
esm2_1060,0.0005710184027108963
esm2_510,0.0005710025293073597
esm2_2139,0.0005707084584111761
esm2_443,0.0005701791495187196
esm2_716,0.0005600673224509421
esm2_2281,0.000556181613073906
esm2_823,0.0005549410745990444
esm2_334,0.0005524287336593728
esm2_274,0.0005521696025431783
esm2_2237,0.0005520669776025906
esm2_1321,0.0005514869880310683
esm2_881,0.0005511702741736657
esm2_1587,0.0005500642558371318
esm2_1632,0.0005493471386723972
esm2_991,0.0005483260521869367
esm2_1394,0.0005482376014267987
esm2_1249,0.0005464759419172805
esm2_2526,0.0005462780329326777
esm2_2119,0.0005456269006360727
esm2_2019,0.0005454753875928971
esm2_1718,0.0005452214103561886
esm2_1055,0.0005446201477685737
esm2_655,0.0005432131616979886
esm2_779,0.0005431998817659189
esm2_2474,0.0005425009228674809
esm2_143,0.0005419627201883052
esm2_2175,0.0005413749769216634
esm2_2223,0.0005401484610797868
esm2_917,0.0005390341554154991
esm2_2267,0.0005370328408287237
esm2_581,0.000535409951998645
esm2_216,0.0005340163993145875
esm2_1322,0.0005337181773319422
esm2_2155,0.0005336255503226534
esm2_847,0.0005334839412786736
esm2_1210,0.0005334055711724663
esm2_290,0.0005322934743091889
esm2_964,0.0005304117826055827
esm2_428,0.000529456386174155
esm2_172,0.0005272804815980847
esm2_1206,0.000527067609854572
esm2_1439,0.0005266240696672329
esm2_1419,0.0005261441257271679
esm2_837,0.0005240388398783551
esm2_1141,0.0005172399186715571
esm2_2538,0.0005171854331976956
esm2_34,0.0005170091120614335
esm2_1014,0.0005156576321220856
esm2_270,0.0005140300658541774
esm2_2082,0.0005129413313168786
esm2_1238,0.0005103874812080432
esm2_1221,0.0005090139174865682
esm2_336,0.0005076498482702142
esm2_23,0.0005074900887928336
esm2_2342,0.000506669088037083
esm2_2536,0.0005061902343608173
esm2_433,0.0005024730654291602
esm2_265,0.0005019695406166386
esm2_952,0.0005012663665166439
esm2_939,0.0004994432595217185
esm2_2124,0.0004988945430295526
esm2_2458,0.0004988580907794045
esm2_1086,0.0004987305840968503
esm2_213,0.0004983676204640777
esm2_294,0.0004967032242857209
esm2_2176,0.0004933217438909055
esm2_2306,0.0004933162335944192
esm2_619,0.0004921039792293129
esm2_1635,0.0004920385454532203
esm2_1147,0.0004917982954866426
esm2_1505,0.0004913406200586219
esm2_360,0.00048575211521392325
esm2_1976,0.0004855859769577893
esm2_682,0.0004855676008271184
esm2_2473,0.00048531317517666557
esm2_2303,0.0004808914178254808
esm2_2430,0.00048053382627477186
esm2_1094,0.0004786591935138284
esm2_47,0.0004758964474263033
esm2_2195,0.0004754057631241429
esm2_1320,0.00047537477066073724
esm2_2147,0.0004753285011310702
esm2_1489,0.0004743176423603988
esm2_48,0.0004737630201495963
esm2_87,0.0004712876497270998
esm2_1142,0.00047066459933012614
esm2_2023,0.00047049635121249283
esm2_692,0.00046656681767078386
esm2_999,0.0004660828775031851
esm2_94,0.0004659979881358068
esm2_1721,0.0004639457279030401
esm2_1798,0.0004631065327442272
esm2_780,0.00046212129472130066
esm2_200,0.00045735927501155174
esm2_2497,0.00045701987173050324
esm2_1319,0.0004560393131334375
esm2_979,0.0004545073685237791
esm2_647,0.00045212627054194655
esm2_1067,0.00044980202874860735
esm2_141,0.00044935623879782487
esm2_1079,0.0004490712769824425
esm2_1763,0.00044816329405149367
esm2_2016,0.0004476438440155098
esm2_1565,0.0004463014259577802
esm2_2406,0.00044580878641604
esm2_112,0.0004457610424343352
esm2_1352,0.0004454526931255276
esm2_1759,0.0004452991038749084
esm2_1232,0.0004442669407349597
esm2_1642,0.00044420147684922707
esm2_990,0.00044319456869345604
esm2_752,0.0004426814335624904
esm2_774,0.00044136793809370484
esm2_1748,0.0004411740337109113
esm2_1864,0.0004408011543669453
esm2_2153,0.0004387853837983772
esm2_1365,0.00043850687825521223
esm2_1841,0.00043699128796616813
esm2_1349,0.0004360701907245771
esm2_1194,0.00043583565568333085
esm2_1730,0.0004352211235343174
esm2_1786,0.0004351809477931351
esm2_549,0.00043455071384837046
esm2_1335,0.00043069952300468296
esm2_864,0.00042956402693281336
esm2_2332,0.0004292615881932597
esm2_1100,0.0004291560614173514
esm2_2448,0.0004285891729349901
esm2_139,0.00042579003496161054
esm2_1109,0.0004252834495022682
esm2_1438,0.00042515140821299506
esm2_570,0.0004217349004481259
esm2_982,0.0004212256520841679
esm2_1243,0.00042055040646003463
esm2_2193,0.0004156625244360896
esm2_930,0.00041513355585779473
esm2_944,0.00041382676380421677
esm2_1261,0.0004133772547958961
esm2_1803,0.0004128097541721645
esm2_1845,0.00041280635029769557
esm2_2379,0.00041189880088818667
esm2_1991,0.0004114666603598449
esm2_1171,0.00041143476942051896
esm2_31,0.0004105371497708339
esm2_1149,0.00041045343771051163
esm2_1584,0.0004100512592893827
esm2_697,0.00040988665852872497
esm2_1432,0.00040787136868214983
esm2_99,0.00040759028469925564
esm2_221,0.00040487564528474774
esm2_1588,0.000404621730202898
esm2_1533,0.0004040850740106299
esm2_1594,0.00040306836465791305
esm2_222,0.0003993601772196661
esm2_319,0.00039813698925662063
esm2_1124,0.0003979930607162648
esm2_2553,0.0003972225735405739
esm2_26,0.0003957664556575907
esm2_1646,0.000394496316998022
esm2_278,0.0003939529824813217
esm2_1762,0.0003938057867161855
esm2_198,0.00039345248667488136
esm2_707,0.0003928143509228155
esm2_2384,0.00039165436057951884
esm2_388,0.00039039378078526294
esm2_712,0.0003897769852350633
esm2_757,0.0003897122260319563
esm2_295,0.00038910752718524335
esm2_859,0.0003889315478663731
esm2_1540,0.0003872980282925018
esm2_754,0.00038657473889866273
esm2_1317,0.0003862558813201243
esm2_505,0.0003857525778790488
esm2_2415,0.0003847160784996561
esm2_7,0.00038220381609776056
esm2_467,0.0003815368483440166
esm2_895,0.00038128707533944097
esm2_1734,0.00038052968074708067
esm2_2322,0.00038043747524951717
esm2_854,0.0003803208887869115
esm2_2022,0.00038027121002666
esm2_243,0.0003796995675166244
esm2_109,0.00037906648508999764
esm2_2382,0.00037886336292131893
esm2_733,0.00037826920236380733
esm2_1373,0.00037776238145781143
esm2_2405,0.000376670452367791
esm2_2354,0.0003766197053880346
esm2_1975,0.00037588087369766715
esm2_1781,0.0003758090219106674
esm2_49,0.0003750083860440409
esm2_1766,0.0003743964512404261
esm2_1211,0.00037399956646050423
esm2_2390,0.00037384960355124326
esm2_42,0.00037368839472506546
esm2_1200,0.000373656254867841
esm2_1204,0.000373486072097367
esm2_1899,0.00037305851785895397
esm2_2089,0.00037191434216981656
esm2_1835,0.00037162793378634336
esm2_1458,0.0003714175743744158
esm2_1697,0.0003708183849881572
esm2_1073,0.00037072316370917127
esm2_2540,0.0003692043621652237
esm2_751,0.00036865069861892946
esm2_1880,0.00036676333836557854
esm2_778,0.00036467849852030783
esm2_664,0.00036404225580389756
esm2_1933,0.0003632357030360124
esm2_1042,0.0003629366967074289
esm2_285,0.00036231726432900364
esm2_579,0.00036214620918994557
esm2_1925,0.00036149379259187755
esm2_892,0.0003614522756279864
esm2_473,0.0003612970043115805
esm2_776,0.0003612354933243397
esm2_37,0.0003611879670374378
esm2_2478,0.0003592551276432187
esm2_843,0.00035874682336000725
esm2_1433,0.0003577102371430069
esm2_568,0.00035710453025184077
esm2_441,0.0003570826326685952
esm2_1516,0.0003570318841398924
esm2_2105,0.00035561751287919963
esm2_818,0.0003555574069732491
esm2_1771,0.00035530237636417696
esm2_1242,0.000354877547046436
esm2_272,0.00035426944477975257
esm2_1279,0.0003535359775865827
esm2_661,0.0003534521662390619
esm2_1571,0.0003531974609432777
esm2_2351,0.0003520636455273667
esm2_1924,0.00035056774112035853
esm2_998,0.00035005089860574225
esm2_219,0.0003495950339750282
esm2_497,0.0003493414572062514
esm2_937,0.00034883901426141354
esm2_1828,0.0003477043121279763
esm2_1617,0.00034768172919948115
esm2_1894,0.00034762854382651057
esm2_1336,0.0003467974471477144
esm2_899,0.0003462357680779066
esm2_1604,0.0003456321485003766
esm2_1148,0.0003451474402635861
esm2_2094,0.0003439094955189632
esm2_992,0.00034347815506870135
esm2_785,0.0003433496978944347
esm2_76,0.0003432371039996326
esm2_2001,0.0003432349316505498
esm2_67,0.0003432304812649396
esm2_772,0.00034296769766778906
esm2_2033,0.0003413198553672753
esm2_449,0.00034100826004085854
esm2_246,0.00034043152627711177
esm2_986,0.0003403333261994776
esm2_1946,0.000339516164764085
esm2_2210,0.00033932527630915207
esm2_2258,0.00033859190361611185
esm2_1905,0.0003378789996137557
esm2_901,0.00033749199959255476
esm2_2273,0.00033652317593139806
esm2_821,0.00033647605882301736
esm2_1974,0.0003357519366905374
esm2_282,0.00033563690547341955
esm2_1897,0.00033451736975867745
esm2_1735,0.00033366714473595353
esm2_323,0.0003325079227401082
esm2_2316,0.0003318302755923665
esm2_2178,0.00033144847154431095
esm2_2408,0.0003313699783972953
esm2_1580,0.00033123982431295887
esm2_1169,0.00033014051270977365
esm2_746,0.0003299699535582398
esm2_1795,0.0003295553446960629
esm2_1414,0.00032945566916783256
esm2_711,0.0003289811810379706
esm2_240,0.00032893244953424396
esm2_1004,0.0003283256022093238
esm2_1269,0.00032787478261629444
esm2_924,0.00032784831947689047
esm2_2413,0.0003278134026987723
esm2_1108,0.00032739285334027244
esm2_1174,0.00032713028327138657
esm2_978,0.00032687721213014764
esm2_1434,0.00032670098570825105
esm2_21,0.0003259395738274338
esm2_529,0.0003257657193187353
esm2_1953,0.0003257209327172596
esm2_2412,0.00032550988758144153
esm2_2170,0.00032451463551249726
esm2_308,0.00032434639753659255
esm2_261,0.0003232128410143893
esm2_1099,0.0003229629723656981
esm2_126,0.0003225273535284856
esm2_2300,0.00032184411231020904
esm2_994,0.00032130958070885945
esm2_1883,0.00032114320629285083
esm2_1173,0.00032110149047298413
esm2_353,0.00032055317271230356
esm2_2443,0.00032016821324232084
esm2_465,0.00032016550510062096
esm2_2020,0.0003201213391231623
esm2_2113,0.0003200497864396306
esm2_2539,0.00031926417975376925
esm2_1626,0.0003181268959986921
esm2_2059,0.0003177087580080537
esm2_1589,0.0003177027003008692
esm2_1812,0.0003168361668815727
esm2_366,0.0003165043704825536
esm2_650,0.0003158744706104662
esm2_565,0.0003158094840317015
esm2_2244,0.00031551216569847035
esm2_326,0.00031447233109371445
esm2_2116,0.00031440605039357965
esm2_1615,0.00031431723064723145
esm2_312,0.00031396390033917843
esm2_2537,0.00031388011837896196
esm2_645,0.00031375026629854166
esm2_841,0.000313630241137567
esm2_101,0.00031291060155443936
esm2_1168,0.0003124895344753804
esm2_1948,0.00031206374878793683
esm2_1912,0.00031161983189147044
esm2_2552,0.0003113131602426133
esm2_407,0.0003112976162166819
esm2_643,0.0003109678554360696
esm2_1111,0.0003109033601108475
esm2_1902,0.0003108143238379915
esm2_725,0.0003106413460293453
esm2_1787,0.0003105120889053868
esm2_315,0.0003104418209683916
esm2_880,0.00031018859605474444
esm2_25,0.00030973096050718657
esm2_931,0.0003095624568920775
esm2_1546,0.0003094501892191982
esm2_1388,0.0003093246190845851
esm2_53,0.000308881292673092
esm2_35,0.00030849362362159215
esm2_2045,0.0003083381108929268
esm2_1934,0.0003069651312790218
esm2_814,0.0003066350282177156
esm2_1486,0.00030645796580615765
esm2_1963,0.00030609047034094535
esm2_489,0.00030540765723894366
esm2_2214,0.0003051978482801376
esm2_722,0.00030491746697496004
esm2_849,0.0003047601939520302
esm2_416,0.00030461893929471074
esm2_673,0.0003045514717341962
esm2_1980,0.00030447023368829885
esm2_1084,0.00030446192867396066
esm2_989,0.00030426858512604105
esm2_183,0.00030390488226905433
esm2_1431,0.0003031104872421746
esm2_2205,0.0003024877707659902
esm2_1228,0.00030184619847081084
esm2_1656,0.00030181606190772363
esm2_5,0.00030149897789989017
esm2_980,0.000300163422064824
esm2_95,0.00029963963951734146
esm2_2530,0.00029911391212208966
esm2_2355,0.00029895696824790976
esm2_1170,0.00029875820833891853
esm2_163,0.0002977093002076118
esm2_1877,0.00029717938620676054
esm2_2490,0.0002968288707790697
esm2_186,0.00029610627423737193
esm2_677,0.00029575366942482655
esm2_1971,0.00029533295246021826
esm2_1192,0.0002950460318442008
esm2_781,0.0002949350331324946
esm2_851,0.000294620462127495
esm2_2470,0.00029453279673979845
esm2_1363,0.0002944001549528321
esm2_1468,0.00029435916588918255
esm2_1467,0.00029352868732283405
esm2_504,0.00029323068728491166
esm2_2240,0.00029237825529798093
esm2_1075,0.0002922586013978103
esm2_2129,0.00029199504256664294
esm2_418,0.00029197354371351405
esm2_2108,0.0002910507206455763
esm2_1297,0.0002907954491887667
esm2_1129,0.0002906892795043524
esm2_1119,0.00029065866733908585
esm2_2434,0.0002906548718935752
esm2_1498,0.0002905715824350876
esm2_539,0.00029040318674542344
esm2_946,0.0002903256403978381
esm2_145,0.00028985842224578905
esm2_117,0.00028969535957025337
esm2_369,0.0002895535546984251
esm2_1214,0.00028947067464279546
esm2_941,0.0002894199384923782
esm2_1161,0.00028929728504082514
esm2_1018,0.00028917872129542927
esm2_1390,0.0002880616975436434
esm2_760,0.0002869275508974289
esm2_2277,0.0002866063996335011
esm2_55,0.0002857368866787452
esm2_2086,0.0002853332677837719
esm2_1399,0.0002853165345670801
esm2_1578,0.0002835715175775887
esm2_73,0.00028334854657455607
esm2_1848,0.00028130033787786014
esm2_2507,0.0002812529836640646
esm2_742,0.00028068226571947033
esm2_2257,0.00027864453069924484
esm2_925,0.000278497135167181
esm2_727,0.00027737762288164447
esm2_1294,0.00027674778341543396
esm2_829,0.00027660150010904724
esm2_1172,0.0002764906487580974
esm2_2221,0.000275879363616076
esm2_180,0.0002755534576342841
esm2_2101,0.0002753447385579445
esm2_1475,0.0002720462165749476
esm2_2336,0.00027163002433502946
esm2_66,0.00027143343029070244
esm2_464,0.00027131355995395047
esm2_888,0.00027076630476906657
esm2_719,0.00027057698175975977
esm2_1445,0.0002698938943564775
esm2_206,0.0002693164892612385
esm2_1237,0.00026886485845349655
esm2_1389,0.0002687713581491919
esm2_860,0.00026861691823109435
esm2_663,0.0002684922978057756
esm2_1298,0.0002684222054461671
esm2_1959,0.0002678257035507667
esm2_2331,0.0002677203385133067
esm2_1958,0.0002676534351997663
esm2_1832,0.00026737621709564067
esm2_2028,0.00026722100703461757
esm2_2436,0.0002671795253343324
esm2_1577,0.0002671197485940594
esm2_1102,0.0002665562201719883
esm2_1339,0.0002662329849600178
esm2_879,0.00026618939298272195
esm2_1284,0.0002657593723303998
esm2_739,0.00026498662809371944
esm2_2433,0.0002649840321537072
esm2_1112,0.0002642351889021628
esm2_2352,0.0002639407882873355
esm2_2242,0.0002637558561329401
esm2_1713,0.00026357476317645604
esm2_447,0.0002631755271032453
esm2_1789,0.00026254993170686536
esm2_1351,0.0002625374036689842
esm2_838,0.0002621902771778907
esm2_2122,0.0002621862288985087
esm2_1947,0.00026175116109166926
esm2_2294,0.0002617330408221874
esm2_2169,0.0002611059613870698
esm2_100,0.0002608010300578331
esm2_589,0.0002604037384126512
esm2_2145,0.00026034689969173805
esm2_706,0.0002602909612277744
esm2_1643,0.0002599945435817238
esm2_877,0.0002597676645704892
esm2_2505,0.00025946636376084845
esm2_434,0.00025926420706579603
esm2_2265,0.0002589912535049795
esm2_268,0.00025875069323474405
esm2_1703,0.0002583536627916699
esm2_2249,0.0002574138804019638
esm2_162,0.0002572253208348448
esm2_1620,0.00025703652900171985
esm2_110,0.0002567521699124673
esm2_79,0.00025562435479333304
esm2_1797,0.0002554267757846108
esm2_1463,0.0002548835320132957
esm2_2104,0.0002547463092433172
esm2_1308,0.0002544652366150259
esm2_454,0.00025400474644767565
esm2_1391,0.0002537693184332988
esm2_2457,0.00025364228577681806
esm2_2460,0.0002524980882939017
esm2_676,0.0002523115649899024
esm2_1044,0.0002514005542294814
esm2_784,0.00025024883089511547
esm2_1201,0.00024984684013851135
esm2_1535,0.00024914004033523143
esm2_1538,0.00024906086174274374
esm2_1203,0.00024883235802642534
esm2_432,0.0002486186371747533
esm2_164,0.00024855437160985916
esm2_2225,0.00024842149836927095
esm2_2191,0.0002482794896754223
esm2_1357,0.0002482609174583644
esm2_2487,0.0002477145769824313
esm2_1444,0.00024737735400492093
esm2_2479,0.00024734805742978135
esm2_313,0.00024686793833891466
esm2_342,0.000246420380195574
esm2_2112,0.0002463613133737619
esm2_1007,0.0002458843319106311
esm2_667,0.00024547475654908773
esm2_2146,0.00024496668672866097
esm2_921,0.0002448143168710744
esm2_2009,0.00024353717069094106
esm2_2149,0.00024345680830416405
esm2_22,0.00024339977293500134
esm2_1131,0.00024311190887880396
esm2_1574,0.0002430129700381956
esm2_730,0.00024287517928253671
esm2_1009,0.00024202940316092275
esm2_1997,0.00024184342346531278
esm2_2291,0.00024183796702503758
esm2_176,0.00024180820594778816
esm2_1990,0.00024071542443495085
esm2_957,0.00024056585612733023
esm2_20,0.00024055008017910903
esm2_1267,0.00024021803133124825
esm2_1334,0.00024002497657503785
esm2_2110,0.00023998251797984884
esm2_834,0.00023972787646349395
esm2_1722,0.00023971332912298905
esm2_670,0.0002391925660466329
esm2_1628,0.00023896298748344008
esm2_1435,0.000238858530904896
esm2_298,0.00023878335900490188
esm2_2159,0.00023853510402126386
esm2_391,0.00023769303361194727
esm2_65,0.00023701342239993087
esm2_1772,0.00023594109221357722
esm2_280,0.00023581854651603465
esm2_2260,0.00023546754200576753
esm2_1101,0.00023524658519457343
esm2_260,0.0002351898449666428
esm2_1377,0.00023506741764884885
esm2_1518,0.0002349526342330884
esm2_1630,0.00023428273903777042
esm2_1811,0.00023408814309051594
esm2_1324,0.00023385634451213597
esm2_129,0.00023362706920433218
esm2_2417,0.00023345738826402253
esm2_916,0.00023300316783932438
esm2_1694,0.00023247897749699282
esm2_328,0.00023221977871604242
esm2_1618,0.00023115685818832313
esm2_1731,0.00023079824842275407
esm2_2519,0.0002300031127885844
esm2_1662,0.0002297114974649598
esm2_239,0.00022937088354875758
esm2_2302,0.00022929404856417016
esm2_540,0.0002291449533822916
esm2_915,0.00022870516637870397
esm2_2002,0.00022839684490621895
esm2_1224,0.00022831060079247034
esm2_1878,0.0002282921796394346
esm2_1218,0.00022822505166641507
esm2_1156,0.000228113216484865
esm2_2454,0.00022791283718710768
esm2_1648,0.00022783578610048732
esm2_1448,0.0002278329880076084
esm2_1855,0.00022773775552549947
esm2_567,0.0002274152108896785
esm2_2030,0.00022722300293879843
esm2_1464,0.00022562735673831212
esm2_1536,0.00022553682529805413
esm2_830,0.00022534348174444016
esm2_2395,0.0002252889060948548
esm2_2061,0.00022528283427342326
esm2_266,0.0002250196573481385
esm2_1600,0.00022482409728038306
esm2_705,0.00022475734941133807
esm2_796,0.00022458042437178193
esm2_474,0.00022366213242096505
esm2_1668,0.00022351968301041904
esm2_934,0.00022347316882466225
esm2_1280,0.00022342279488298737
esm2_1005,0.0002233462448569406
esm2_2043,0.00022324108302471696
esm2_869,0.0002226744752305016
esm2_2111,0.00022241947007313782
esm2_1770,0.00022191062910305366
esm2_157,0.00022181219136880277
esm2_1936,0.00022171160153103313
esm2_1892,0.00022153938797471297
esm2_460,0.00022142371211912704
esm2_2026,0.00022126653859539224
esm2_651,0.00022107430461512133
esm2_1314,0.00022066562432474627
esm2_2542,0.00022048152748704983
esm2_196,0.000220045890773854
esm2_1576,0.00021975535375442427
esm2_2057,0.00021958993298085104
esm2_1918,0.00021903332561885248
esm2_1801,0.00021896629321830442
esm2_2345,0.00021892842349760752
esm2_761,0.00021888539172421114
esm2_1037,0.00021852441740410696
esm2_1807,0.00021848739443552614
esm2_468,0.00021845326472085197
esm2_2447,0.00021825637588384622
esm2_30,0.00021797373861479294
esm2_1311,0.00021788052730671332
esm2_1820,0.0002177719689040944
esm2_1515,0.00021774487528968808
esm2_1061,0.0002175128002291681
esm2_1121,0.00021746766905664827
esm2_1293,0.00021725925866501692
esm2_1364,0.00021666167345446065
esm2_2177,0.000216436497507811
esm2_2321,0.00021601036795587975
esm2_2070,0.00021552888177310968
esm2_2087,0.000215515134215378
esm2_6,0.00021548973274506487
esm2_855,0.0002154687440699984
esm2_961,0.00021544992737274288
esm2_1062,0.00021536999217494588
esm2_1866,0.00021515167267796264
esm2_1150,0.00021504375246186882
esm2_889,0.0002150260507970058
esm2_2464,0.00021495107017730582
esm2_2150,0.00021465374433358197
esm2_2290,0.00021416422186246916
esm2_1254,0.00021367354645074378
esm2_1769,0.0002135784553536474
esm2_181,0.00021240670123989775
esm2_494,0.00021229585657303596
esm2_1984,0.0002120494312758615
esm2_1949,0.00021158223663628078
esm2_1833,0.00021155690379173083
esm2_1987,0.00021125871503128353
esm2_154,0.00021014193353840766
esm2_1641,0.00021006177537555033
esm2_435,0.00020939781411449454
esm2_602,0.00020893461472116192
esm2_2117,0.0002087047954024566
esm2_207,0.00020865117162266735
esm2_807,0.00020853921502597502
esm2_2035,0.0002080244008064768
esm2_555,0.00020655780608647533
esm2_2429,0.00020630777292802085
esm2_402,0.00020591741660477738
esm2_1492,0.0002051403667306227
esm2_2506,0.00020512169435648846
esm2_2055,0.00020510178016266493
esm2_305,0.00020452100564124752
esm2_1810,0.00020421259002489076
esm2_1814,0.00020410871712325338
esm2_1544,0.00020386361320383985
esm2_1090,0.00020377371361864996
esm2_1663,0.00020376870465037264
esm2_1415,0.00020358074159261845
esm2_1609,0.0002032263997204603
esm2_429,0.00020306954769813007
esm2_1983,0.00020288367685783663
esm2_2262,0.00020275938046134193
esm2_575,0.0002023942885265794
esm2_2121,0.00020223731221650574
esm2_466,0.0002021712388698548
esm2_1639,0.0002018790457111808
esm2_477,0.00020176965892778297
esm2_955,0.00020113932079416497
esm2_1011,0.0002010586574179124
esm2_220,0.00020087486646387485
esm2_1607,0.0002004481143172984
esm2_2031,0.0002003963216054818
esm2_1032,0.00020035936822384128
esm2_811,0.00020032735170205998
esm2_2168,0.00019992826730699253
esm2_484,0.00019965467471190176
esm2_1592,0.00019939121142904386
esm2_1110,0.0001993565492383305
esm2_678,0.00019928924786647022
esm2_1022,0.00019917153393313565
esm2_2319,0.00019913186777411644
esm2_801,0.00019906827666074097
esm2_1303,0.00019886914182339231
esm2_1800,0.0001987576682279614
esm2_1085,0.00019841747621783475
esm2_532,0.00019809982467554202
esm2_536,0.00019803504828435985
esm2_1476,0.0001980089338255465
esm2_1385,0.00019782358858087235
esm2_2522,0.00019716948347927855
esm2_192,0.00019689242518632479
esm2_789,0.00019648124624459194
esm2_304,0.00019647684368203532
esm2_1739,0.00019628055796779375
esm2_1049,0.00019621964761371585
esm2_635,0.0001960444592442956
esm2_2166,0.00019580093596611032
esm2_996,0.00019575175160721042
esm2_502,0.00019574216732471875
esm2_2268,0.00019559887100438567
esm2_509,0.0001952593483845429
esm2_1386,0.0001951149789504858
esm2_2427,0.0001945115749017372
esm2_808,0.00019432831917499482
esm2_1785,0.00019406557451060957
esm2_1529,0.00019325247738704852
esm2_695,0.00019288999105414531
esm2_1383,0.0001928847182142778
esm2_1455,0.00019266582967031865
esm2_1470,0.00019257594291449302
esm2_252,0.00019239191499309676
esm2_1567,0.00019236591701659884
esm2_1652,0.00019223125080236676
esm2_2217,0.00019140892661866475
esm2_1570,0.00019120950263252042
esm2_1318,0.0001910259388841515
esm2_1561,0.0001906037577712294
esm2_626,0.00019043123913892204
esm2_276,0.00019042970464973173
esm2_506,0.0001897261353757583
esm2_249,0.00018944539586320086
esm2_1532,0.000189249442646717
esm2_137,0.00018897695190910643
esm2_1879,0.00018823151702894518
esm2_1710,0.00018808677455026785
esm2_819,0.00018782593789606037
esm2_1069,0.0001877368114307437
esm2_2174,0.0001876640224448813
esm2_106,0.00018745197062656574
esm2_2253,0.0001865589657520909
esm2_1152,0.00018592660316438258
esm2_317,0.0001856801689100371
esm2_897,0.00018480765749138262
esm2_133,0.00018449254793646814
esm2_2523,0.00018424581455908865
esm2_330,0.00018381001736738665
esm2_417,0.0001837856369382345
esm2_2229,0.000183632574392943
esm2_226,0.00018362722788383838
esm2_1732,0.00018322067270982908
esm2_2309,0.0001831093181684953
esm2_1524,0.00018286350851833604
esm2_951,0.0001825310670224772
esm2_1501,0.00018216693345883328
esm2_1340,0.00018169548398972677
esm2_1690,0.00018151358351473676
esm2_410,0.0001813095838267731
esm2_1384,0.00018122264399332525
esm2_2154,0.00018120851190930962
esm2_1010,0.000180693456549039
esm2_271,0.00018043222957157785
esm2_72,0.00018003218956939027
esm2_965,0.0001798122007204433
esm2_2006,0.0001797364008754286
esm2_1977,0.00017968085265926612
esm2_1278,0.00017960660100647564
esm2_2318,0.00017948118465183812
esm2_1177,0.0001793596359220582
esm2_1887,0.0001793236991053548
esm2_2025,0.00017910068237315444
esm2_1867,0.000179047173132932
esm2_775,0.00017901286341661743
esm2_1368,0.00017843850580415122
esm2_1939,0.00017839293525149155
esm2_649,0.0001781932987219235
esm2_2492,0.0001779536680516292
esm2_2046,0.0001777971496619083
esm2_314,0.00017744290077287303
esm2_2250,0.00017742837503038986
esm2_1601,0.00017654611767116055
esm2_658,0.00017629391052683492
esm2_1995,0.00017593433719863204
esm2_400,0.00017573564718703703
esm2_2312,0.00017557455859545422
esm2_906,0.00017521423068900618
esm2_17,0.00017505896626595477
esm2_40,0.0001750582115179991
esm2_769,0.00017486253426906076
esm2_2311,0.00017461442720818072
esm2_988,0.00017419944563908942
esm2_1970,0.00017411087750023597
esm2_413,0.00017396190361361892
esm2_2172,0.00017305759052064736
esm2_1689,0.00017293233992876907
esm2_1776,0.0001729206474711354
esm2_2485,0.0001726570763699315
esm2_1904,0.0001725827402575464
esm2_2380,0.0001725065044795843
esm2_119,0.00017249917816104476
esm2_1906,0.00017233994185628568
esm2_805,0.00017195694248904226
esm2_288,0.0001715238060687592
esm2_437,0.0001714424438182807
esm2_902,0.00017143818936048242
esm2_478,0.00017132542477635404
esm2_1378,0.00017081325057907642
esm2_1488,0.00017011516125027911
esm2_158,0.00017011438424905943
esm2_809,0.00016941633376591874
esm2_2287,0.0001688567214332699
esm2_2527,0.00016872707590897824
esm2_1225,0.00016865039096229748
esm2_8,0.00016816957507478618
esm2_735,0.00016815988898685925
esm2_694,0.00016798004039700828
esm2_1093,0.00016788361016724506
esm2_2123,0.00016762522829997302
esm2_1082,0.00016760156530353393
esm2_1613,0.00016753852928085412
esm2_993,0.00016698501298002862
esm2_1961,0.0001669348844801205
esm2_438,0.0001668598784076127
esm2_2049,0.00016659815373464636
esm2_537,0.00016602288541683774
esm2_430,0.0001658380516775998
esm2_1157,0.00016538638117796395
esm2_1134,0.00016533306578762362
esm2_1212,0.00016459492903483252
esm2_1402,0.00016431893134452867
esm2_374,0.00016406852259844018
esm2_2295,0.00016387968756205218
esm2_1805,0.00016354979724975718
esm2_1244,0.00016301869621004859
esm2_690,0.00016293012429133177
esm2_1831,0.0001624689913762739
esm2_2185,0.00016205293091263426
esm2_1623,0.0001620192371426305
esm2_2353,0.00016157918992930836
esm2_1359,0.00016100602423780688
esm2_190,0.00016097200748569672
esm2_912,0.00015978061879662632
esm2_291,0.00015944208961225713
esm2_1440,0.00015906937280000256
esm2_2425,0.00015902065270740254
esm2_1137,0.0001590076381979722
esm2_2114,0.00015884791979302307
esm2_2192,0.00015858642956810185
esm2_1446,0.00015835825124861687
esm2_1526,0.00015806992942651456
esm2_2069,0.00015806957194485502
esm2_146,0.00015762015790543168
esm2_1328,0.00015750166950069232
esm2_1205,0.00015739267078137455
esm2_824,0.00015708174661813277
esm2_547,0.0001567380129550452
esm2_710,0.00015666515334529274
esm2_2524,0.0001566052785019036
esm2_611,0.00015632530061089644
esm2_1312,0.00015624511338600033
esm2_335,0.0001560798527579805
esm2_2215,0.0001558176308816581
esm2_1058,0.0001557799487461116
esm2_533,0.00015572037449333956
esm2_380,0.00015545960442838903
esm2_2369,0.0001552848981477379
esm2_2189,0.00015474543010061674
esm2_1865,0.0001547126563995898
esm2_1982,0.0001545722344569889
esm2_269,0.00015420405964342346
esm2_1236,0.0001540579890102596
esm2_156,0.00015400598922112927
esm2_1381,0.00015393810479766686
esm2_52,0.0001530079042781249
esm2_1985,0.0001529022360344372
esm2_1988,0.00015265053945874866
esm2_1605,0.00015264277049198999
esm2_2224,0.00015210779652565233
esm2_2375,0.00015198325290182593
esm2_1629,0.00015168178390847267
esm2_1926,0.0001514100797948069
esm2_803,0.0001512733674635054
esm2_1539,0.0001512341443832609
esm2_412,0.00015117487545463442
esm2_496,0.00015065555781354598
esm2_1506,0.00015064867780009407
esm2_662,0.00015064446598805136
esm2_1441,0.00015062564747473378
esm2_548,0.0001505604149817225
esm2_1935,0.00015044299575908427
esm2_2227,0.00015039236643249308
esm2_356,0.00015037718603167494
esm2_63,0.00014984230962240632
esm2_983,0.0001497699810508179
esm2_446,0.00014966272479406011
esm2_122,0.00014939151770007795
esm2_1660,0.0001493411755545173
esm2_2559,0.00014917740844114412
esm2_1105,0.0001488013209918321
esm2_297,0.0001486870789231862
esm2_51,0.00014832442300362502
esm2_120,0.00014829793430637354
esm2_499,0.00014818739089874847
esm2_111,0.00014805657804477934
esm2_802,0.0001479105826861282
esm2_956,0.00014758820684331438
esm2_1266,0.00014750763882440628
esm2_1133,0.00014710933530478535
esm2_759,0.00014707763614768215
esm2_2158,0.0001467581401139155
esm2_2076,0.00014672722530863615
esm2_267,0.00014652013186705796
esm2_660,0.00014594556767948523
esm2_2245,0.000145812573253521
esm2_1120,0.0001455537075602393
esm2_2062,0.00014553560724364542
esm2_545,0.00014549419267357718
esm2_531,0.00014505869723619686
esm2_1160,0.00014503770636283998
esm2_2442,0.00014406678132574676
esm2_831,0.00014406302996975445
esm2_1891,0.00014378184197119244
esm2_1396,0.00014371863135720687
esm2_1350,0.00014357443680534528
esm2_903,0.00014256733497293014
esm2_1054,0.00014245432719052167
esm2_1569,0.00014183280872511332
esm2_373,0.0001417910574485792
esm2_152,0.00014175220766046124
esm2_592,0.00014151735900126236
esm2_1087,0.0001414640857998469
esm2_1240,0.00014142187679082584
esm2_201,0.00014141466553157454
esm2_461,0.0001413823671938033
esm2_2445,0.00014127907749382956
esm2_974,0.00014119592400502575
esm2_1484,0.00014095767019471996
esm2_526,0.0001407915422148893
esm2_2274,0.00014076161616927843
esm2_871,0.0001406184946210011
esm2_292,0.0001405961777421352
esm2_815,0.0001404934246537516
esm2_2515,0.00014047759452544116
esm2_935,0.00014027311477380285
esm2_1568,0.00014016975330636197
esm2_355,0.00014012586623481638
esm2_625,0.00013999769951723252
esm2_425,0.00013993833769881578
esm2_2325,0.00013985379177044465
esm2_2449,0.00013966578340271954
esm2_2212,0.0001395898664917155
esm2_1480,0.00013913557934882228
esm2_1890,0.00013912054311327688
esm2_2546,0.00013910978620901307
esm2_211,0.00013907218769387727
esm2_1369,0.0001389304996158848
esm2_1050,0.0001378433216449194
esm2_1962,0.00013754486855467655
esm2_844,0.00013732492996288974
esm2_1113,0.00013709834917191208
esm2_1783,0.0001370979341814395
esm2_341,0.00013686603952658627
esm2_1026,0.00013682227984488442
esm2_1927,0.00013682133025991802
esm2_2535,0.00013651797862840074
esm2_2397,0.00013648163688599255
esm2_1566,0.0001364750696195107
esm2_825,0.00013636534719708646
esm2_958,0.00013627023894536504
esm2_1523,0.00013620995276469262
esm2_2340,0.0001360764183789164
esm2_16,0.00013560150123150826
esm2_1854,0.00013550705242441855
esm2_2196,0.00013544984290150526
esm2_2251,0.00013536781137754228
esm2_1253,0.00013467678912092165
esm2_2236,0.0001341332337880614
esm2_1342,0.00013406444736528423
esm2_709,0.00013405452101067329
esm2_1159,0.00013396406107520209
esm2_2513,0.00013391334255140013
esm2_224,0.00013388058511094248
esm2_2381,0.00013382410068789376
esm2_2042,0.00013374597952371615
esm2_1586,0.0001330440719631814
esm2_1241,0.0001329649509911434
esm2_1596,0.00013292800182685435
esm2_1331,0.0001326319710791416
esm2_384,0.00013262284347933688
esm2_116,0.0001325429100782832
esm2_976,0.0001320143155544998
esm2_1698,0.000131831990864524
esm2_2305,0.00013092526099163165
esm2_2219,0.00013080242949523537
esm2_58,0.00013077692668927424
esm2_1996,0.00013046340681512942
esm2_439,0.0001295893186200507
esm2_56,0.00012905587033795114
esm2_963,0.0001289237963361409
esm2_1107,0.0001285261569845282
esm2_1658,0.0001284166009818202
esm2_1281,0.00012824238803316266
esm2_2182,0.00012793299573276125
esm2_2418,0.00012764904639398164
esm2_420,0.00012749260099271812
esm2_1863,0.00012642858669474727
esm2_1186,0.00012618537214164772
esm2_1920,0.00012599204673105523
esm2_1674,0.00012583135601606284
esm2_2365,0.00012565092627521426
esm2_1938,0.0001254420414036478
esm2_816,0.0001252990574273407
esm2_1612,0.00012525045612703673
esm2_1466,0.00012515921374484326
esm2_2339,0.0001250909329633923
esm2_1252,0.00012488383506995096
esm2_1666,0.0001248742087728946
esm2_2183,0.00012430660081084704
esm2_61,0.0001241104396876093
esm2_2337,0.00012390502054459765
esm2_2256,0.0001237205686858675
esm2_1231,0.00012360850442986012
esm2_1382,0.00012350058053942913
esm2_361,0.00012342560680497978
esm2_2278,0.0001230911542086183
esm2_2314,0.00012283081769364268
esm2_681,0.00012262073203734154
esm2_69,0.00012261293793217702
esm2_2120,0.00012258872769392842
esm2_161,0.00012232932336286222
esm2_2051,0.0001219278719925574
esm2_1508,0.00012185221072986938
esm2_1746,0.00012181133668995252
esm2_1262,0.00012134040803703061
esm2_491,0.00012083375578665138
esm2_1114,0.0001207626997844524
esm2_1661,0.00012070716854325273
esm2_866,0.00012067147733904231
esm2_973,0.00012060243979882916
esm2_2107,0.00012049947720650302
esm2_244,0.00012045871354368386
esm2_84,0.0001204352192846266
esm2_1664,0.00012041922555234519
esm2_1522,0.00012009664532652125
esm2_1326,0.00012003754918359164
esm2_1875,0.00011978481449904474
esm2_14,0.00011964975432154921
esm2_488,0.00011943657451577642
esm2_242,0.00011920291756103545
esm2_577,0.00011905818909884273
esm2_2011,0.00011882191281797178
esm2_2090,0.00011874430647151551
esm2_630,0.00011861752030213867
esm2_887,0.00011838590312767482
esm2_1409,0.00011812056069854672
esm2_150,0.00011801476141850412
esm2_1428,0.00011799995133274875
esm2_790,0.000117997159839539
esm2_632,0.00011798328405688595
esm2_1572,0.00011792548056750008
esm2_657,0.00011780226880051498
esm2_2367,0.00011760613147578439
esm2_1367,0.00011744575400581078
esm2_2466,0.00011733157166634542
esm2_235,0.00011724774543796915
esm2_878,0.00011715420440982756
esm2_2313,0.00011671081018402844
esm2_431,0.00011656726392739102
esm2_1422,0.0001164699880293466
esm2_519,0.00011640060164642433
esm2_615,0.00011638542912911621
esm2_1942,0.00011625485925683584
esm2_1223,0.00011616791009944597
esm2_231,0.00011600074057817019
esm2_108,0.0001158142115153323
esm2_867,0.00011523642758922694
esm2_1700,0.0001151352840981656
esm2_1421,0.00011499161350453664
esm2_1285,0.0001149161712778821
esm2_1397,0.00011478026022974213
esm2_1741,0.00011470706350118854
esm2_2048,0.00011448889450714294
esm2_613,0.00011440368401666794
esm2_1799,0.00011397551833956556
esm2_229,0.00011397163093382859
esm2_482,0.00011364763117893741
esm2_2216,0.0001136355626861459
esm2_1076,0.00011332882973232039
esm2_853,0.00011329698244134488
esm2_390,0.00011316278471850831
esm2_1792,0.00011313146282627226
esm2_1289,0.00011270192980471108
esm2_2558,0.00011265849134402955
esm2_218,0.00011254817406809316
esm2_378,0.00011237945914590904
esm2_1065,0.00011203406195881165
esm2_904,0.00011197777569655888
esm2_1180,0.00011187520828086456
esm2_2103,0.0001117944391012452
esm2_2014,0.00011173002086378764
esm2_875,0.00011161547429821367
esm2_1348,0.000111509281378797
esm2_1968,0.00011148632897785923
esm2_2115,0.00011144819910461101
esm2_1528,0.00011136572630765936
esm2_2465,0.00011133104605764183
esm2_574,0.00011127083809286046
esm2_1356,0.00011113941304489086
esm2_764,0.0001106882757123107
esm2_187,0.00011035806905501148
esm2_440,0.00011029312858843167
esm2_1462,0.00011016426581985102
esm2_203,0.0001101206940205426
esm2_787,0.00011006980123326525
esm2_1782,0.00010978752689154709
esm2_1395,0.0001096291565034183
esm2_284,0.00010937760107740562
esm2_2504,0.00010931106452230048
esm2_1299,0.00010887655252105215
esm2_1711,0.00010875076055902819
esm2_1454,0.00010839173160844207
esm2_32,0.00010836265421735656
esm2_350,0.00010830906497974085
esm2_197,0.00010828147433628164
esm2_1598,0.00010825365448986893
esm2_1654,0.00010821974848501244
esm2_960,0.00010814844221554762
esm2_798,0.00010813481488031931
esm2_2469,0.00010809930381247143
esm2_2528,0.00010808908589310578
esm2_2510,0.00010801689688502068
esm2_2141,0.00010781386233951596
esm2_1859,0.0001077105317138895
esm2_98,0.00010728711654678556
esm2_2275,0.00010718247369909726
esm2_2426,0.00010670432797874899
esm2_1579,0.0001066712057650802
esm2_2181,0.00010598481239364646
esm2_404,0.00010554352705759431
esm2_1096,0.00010539755448487374
esm2_666,0.00010532884199608903
esm2_2298,0.00010530119487456463
esm2_2326,0.00010530041127988338
esm2_1633,0.00010514228901063498
esm2_151,0.00010481751078682254
esm2_1736,0.00010477887075332938
esm2_872,0.00010471600615471177
esm2_1913,0.00010449608194799776
esm2_387,0.00010401410737598942
esm2_2239,0.0001035549207975441
esm2_858,0.00010354900314169613
esm2_155,0.00010333434881753011
esm2_2077,0.00010279129536124538
esm2_1165,0.00010268263006412472
esm2_607,0.00010265466804232224
esm2_2533,0.00010265057447010803
esm2_421,0.00010245364937514032
esm2_1901,0.00010208392764944449
esm2_2259,0.00010196304804994545
esm2_553,0.00010182343578670195
esm2_324,0.00010170645193645522
esm2_1671,0.00010110788648695893
esm2_995,0.00010106612066575083
esm2_558,0.0001008496615924323
esm2_1636,0.0001007694956288461
esm2_1729,0.00010070030120177534
esm2_1091,0.00010059908884390951
esm2_1195,0.00010045881322130405
esm2_608,0.00010031359082936263
esm2_507,0.0001002078485559505
esm2_2531,0.00010012752974425356
esm2_2407,0.00010012145331806067
esm2_654,9.992063333690803e-05
esm2_422,9.990994177321326e-05
esm2_890,9.989493841353284e-05
esm2_1753,9.987854663616497e-05
esm2_873,9.978635237204087e-05
esm2_2243,9.964003367679927e-05
esm2_580,9.959182208108212e-05
esm2_234,9.940949358181321e-05
esm2_724,9.92285842598013e-05
esm2_514,9.894630425668424e-05
esm2_2376,9.878930033517887e-05
esm2_940,9.844724678701891e-05
esm2_883,9.83387537107599e-05
esm2_2549,9.824409557474388e-05
esm2_631,9.804366840201953e-05
esm2_2323,9.733683218488074e-05
esm2_1207,9.683887127566514e-05
esm2_2073,9.671169252972941e-05
esm2_1292,9.64359914208706e-05
esm2_376,9.606097789599978e-05
esm2_1103,9.598217824229155e-05
esm2_1012,9.581867207781093e-05
esm2_287,9.545865082761614e-05
esm2_1074,9.535711508335862e-05
esm2_2477,9.534612352493718e-05
esm2_174,9.500672031053532e-05
esm2_1233,9.489329914996622e-05
esm2_352,9.483732354857522e-05
esm2_726,9.464164227282003e-05
esm2_263,9.44719408785343e-05
esm2_1063,9.438652080358568e-05
esm2_217,9.419959703250934e-05
esm2_2525,9.417680198112719e-05
esm2_332,9.415250572938041e-05
esm2_2078,9.404658382144858e-05
esm2_2092,9.400167029661952e-05
esm2_1202,9.384357675358291e-05
esm2_1235,9.383555039181155e-05
esm2_1557,9.372337319738403e-05
esm2_2199,9.370864495931282e-05
esm2_1649,9.352355779861557e-05
esm2_534,9.348185254532045e-05
esm2_1251,9.324987072234817e-05
esm2_1230,9.324668942255758e-05
esm2_1665,9.304816170646736e-05
esm2_1706,9.269858821348496e-05
esm2_495,9.263300585612528e-05
esm2_1858,9.251323511773916e-05
esm2_2209,9.247706512061551e-05
esm2_698,9.242010483208278e-05
esm2_679,9.241142657610878e-05
esm2_528,9.23016754209899e-05
esm2_2079,9.189907858432348e-05
esm2_1354,9.189719353090597e-05
esm2_1684,9.186879960807118e-05
esm2_1742,9.186877866974528e-05
esm2_118,9.185362977823869e-05
esm2_1453,9.181015613458955e-05
esm2_511,9.17009076413982e-05
esm2_520,9.16993797172919e-05
esm2_2493,9.15625995358616e-05
esm2_969,9.115283294043562e-05
esm2_2551,9.11087744337349e-05
esm2_1413,9.109490405428733e-05
esm2_363,9.100478719722801e-05
esm2_2202,9.070025907845447e-05
esm2_636,9.047151390876557e-05
esm2_2039,9.042182866538901e-05
esm2_1000,9.04010019796923e-05
esm2_1417,9.039039719886007e-05
esm2_1637,8.998708808487856e-05
esm2_401,8.945462586465154e-05
esm2_560,8.93748895233776e-05
esm2_835,8.895394323731399e-05
esm2_2228,8.894802159739266e-05
esm2_493,8.881383095536775e-05
esm2_546,8.878852979650947e-05
esm2_800,8.87208990477883e-05
esm2_379,8.853736458986295e-05
esm2_1590,8.851885907369247e-05
esm2_2135,8.849776688952195e-05
esm2_1712,8.817687318489307e-05
esm2_70,8.797020197968638e-05
esm2_1979,8.777545061814746e-05
esm2_138,8.775388902217642e-05
esm2_1478,8.76690741969439e-05
esm2_1952,8.699668422621703e-05
esm2_209,8.665779035936356e-05
esm2_480,8.658303572349367e-05
esm2_262,8.647765178659714e-05
esm2_584,8.645152305779726e-05
esm2_487,8.635202474564277e-05
esm2_950,8.63308012200356e-05
esm2_1306,8.631100678727104e-05
esm2_2131,8.589453530511694e-05
esm2_1081,8.560522840006522e-05
esm2_923,8.559474169658919e-05
esm2_1126,8.558601654210821e-05
esm2_886,8.552948756257378e-05
esm2_1827,8.549702901282765e-05
esm2_9,8.523713390282002e-05
esm2_638,8.473795855274846e-05
esm2_804,8.454397830906598e-05
esm2_2003,8.453838413276722e-05
esm2_1500,8.380626286143079e-05
esm2_463,8.377953735274318e-05
esm2_1531,8.35957958650536e-05
esm2_2163,8.3564209209128e-05
esm2_1451,8.34420631839737e-05
esm2_2188,8.342419533152292e-05
esm2_88,8.313024247825286e-05
esm2_1705,8.287511657016095e-05
esm2_3,8.286358415338172e-05
esm2_71,8.284536812660582e-05
esm2_1554,8.278302771831089e-05
esm2_1288,8.270163955415437e-05
esm2_1856,8.252540160548598e-05
esm2_1213,8.226740075131862e-05
esm2_93,8.218412353055045e-05
esm2_232,8.204535208588962e-05
esm2_1541,8.202215589334505e-05
esm2_1184,8.168761809298866e-05
esm2_2509,8.163831513317011e-05
esm2_147,8.141863733841379e-05
esm2_365,8.134716982746022e-05
esm2_1327,8.06162217331959e-05
esm2_1691,8.050211598166616e-05
esm2_2248,8.040889312444434e-05
esm2_1029,8.040727145611384e-05
esm2_368,8.038486325663097e-05
esm2_1981,8.037116345547002e-05
esm2_786,8.030093176030429e-05
esm2_1196,8.01879279486056e-05
esm2_1655,7.995691271080932e-05
esm2_767,7.964457426555048e-05
esm2_1884,7.958571000666216e-05
esm2_1362,7.952079289199049e-05
esm2_2238,7.916402930430645e-05
esm2_2074,7.907804201994174e-05
esm2_399,7.892872852343727e-05
esm2_788,7.849532119172465e-05
esm2_344,7.837900444468442e-05
esm2_2109,7.831824653656925e-05
esm2_1216,7.82004170340972e-05
esm2_527,7.818991588895418e-05
esm2_144,7.801703669742515e-05
esm2_524,7.793876443206032e-05
esm2_1511,7.781549483558925e-05
esm2_910,7.769384568760849e-05
esm2_1816,7.76273665241334e-05
esm2_1512,7.752066745015416e-05
esm2_1837,7.747533812548879e-05
esm2_415,7.736635532972275e-05
esm2_2222,7.708741386054276e-05
esm2_1485,7.705346596632687e-05
esm2_193,7.69304674002731e-05
esm2_128,7.689366235915938e-05
esm2_2143,7.684308308661968e-05
esm2_1163,7.656951036939549e-05
esm2_1472,7.648592881345873e-05
esm2_2134,7.644186562845003e-05
esm2_245,7.628238835940289e-05
esm2_1791,7.592519322589087e-05
esm2_83,7.580111674775957e-05
esm2_2529,7.536909005367195e-05
esm2_29,7.494314280588314e-05
esm2_2034,7.474603425612881e-05
esm2_1889,7.47422684030183e-05
esm2_2130,7.450863430047793e-05
esm2_46,7.447252159041822e-05
esm2_2013,7.409065990792631e-05
esm2_1183,7.405414559791089e-05
esm2_2280,7.405061039843676e-05
esm2_238,7.389592290610627e-05
esm2_1765,7.368921857131681e-05
esm2_398,7.364027419467159e-05
esm2_1153,7.338071687703051e-05
esm2_2161,7.337400879840579e-05
esm2_812,7.33330604662418e-05
esm2_1614,7.33160256361097e-05
esm2_2299,7.326498464498132e-05
esm2_949,7.32058174842209e-05
esm2_770,7.318028174056775e-05
esm2_1275,7.317631705301975e-05
esm2_688,7.291646979645297e-05
esm2_2360,7.290018626486441e-05
esm2_1282,7.287360747145959e-05
esm2_884,7.285461304573176e-05
esm2_911,7.280892724718519e-05
esm2_459,7.237440134906021e-05
esm2_1456,7.204398923557395e-05
esm2_668,7.198008640086988e-05
esm2_1911,7.178830166112347e-05
esm2_2368,7.154476767290305e-05
esm2_173,7.15397784956292e-05
esm2_159,7.131398680183175e-05
esm2_1047,7.128512719989902e-05
esm2_1723,7.098152313463774e-05
esm2_1622,7.093527027418254e-05
esm2_2518,7.086669921670722e-05
esm2_1393,7.085960746725761e-05
esm2_15,7.083784667742939e-05
esm2_1474,7.078433499996473e-05
esm2_1756,7.074174112927082e-05
esm2_2187,7.07288595199818e-05
esm2_1780,7.066083862800914e-05
esm2_2444,7.052896724562252e-05
esm2_587,7.030810987489754e-05
esm2_1937,7.028404467052026e-05
esm2_2021,7.004473836929252e-05
esm2_214,6.99456541093663e-05
esm2_1562,6.985936490139728e-05
esm2_2414,6.982520432089071e-05
esm2_1551,6.981982637308893e-05
esm2_2327,6.977524351938287e-05
esm2_54,6.975905878841979e-05
esm2_194,6.948456103046877e-05
esm2_2330,6.947839990709636e-05
esm2_359,6.93126227129184e-05
esm2_1095,6.902753154958203e-05
esm2_450,6.899773105173167e-05
esm2_1429,6.894616299309595e-05
esm2_2083,6.890296083704071e-05
esm2_1745,6.861288142997634e-05
esm2_2499,6.85869571875219e-05
esm2_1808,6.850791661071725e-05
esm2_2144,6.848001343177987e-05
esm2_1796,6.84534889541184e-05
esm2_2247,6.838757634027884e-05
esm2_1132,6.808619914459544e-05
esm2_39,6.791796387887184e-05
esm2_623,6.772721750397185e-05
esm2_542,6.742785150529947e-05
esm2_1217,6.72220620351591e-05
esm2_1379,6.716947074229805e-05
esm2_1709,6.707893713699266e-05
esm2_199,6.703440576686384e-05
esm2_1597,6.703264005488201e-05
esm2_1778,6.67876621308582e-05
esm2_1483,6.614460831189375e-05
esm2_175,6.585418565176142e-05
esm2_920,6.584696967607752e-05
esm2_12,6.57120954144719e-05
esm2_1460,6.543273576921963e-05
esm2_204,6.538261861871656e-05
esm2_1733,6.531770345714441e-05
esm2_1895,6.531267907717386e-05
esm2_1804,6.517051399476532e-05
esm2_1728,6.516908970513966e-05
esm2_458,6.49937634659873e-05
esm2_275,6.498656295035626e-05
esm2_395,6.476888158685328e-05
esm2_311,6.458384779583141e-05
esm2_2304,6.457104320687475e-05
esm2_1027,6.436597304290862e-05
esm2_501,6.406817033482355e-05
esm2_1006,6.403373562894464e-05
esm2_255,6.397792933489525e-05
esm2_750,6.393200285797798e-05
esm2_1136,6.383917057854612e-05
esm2_1461,6.35618334647234e-05
esm2_1843,6.351878968315013e-05
esm2_470,6.322091590023376e-05
esm2_316,6.320421943392729e-05
esm2_2263,6.304051434817983e-05
esm2_2208,6.298653511100089e-05
esm2_1909,6.297477293017478e-05
esm2_597,6.29670132733924e-05
esm2_188,6.290474545652307e-05
esm2_693,6.285712691983114e-05
esm2_251,6.283054649529461e-05
esm2_929,6.279864038964622e-05
esm2_131,6.275914411346385e-05
esm2_2480,6.257462388957764e-05
esm2_646,6.23511996886261e-05
esm2_622,6.221740176788009e-05
esm2_2005,6.206401099630492e-05
esm2_321,6.176395575652237e-05
esm2_2142,6.170730699079846e-05
esm2_1053,6.148264594887164e-05
esm2_1016,6.143692357214098e-05
esm2_1591,6.127732472568219e-05
esm2_2017,6.124932555159585e-05
esm2_508,6.12399576734611e-05
esm2_1127,6.113099526381294e-05
esm2_1276,6.09700053459288e-05
esm2_325,6.09647886234859e-05
esm2_713,6.061452953137373e-05
esm2_2348,6.052178199308488e-05
esm2_708,6.037510692737961e-05
esm2_1534,6.0170258401986964e-05
esm2_483,5.96383100825564e-05
esm2_1265,5.945199903528875e-05
esm2_588,5.9412120924357096e-05
esm2_1250,5.8878766925174416e-05
esm2_620,5.881142597089015e-05
esm2_2517,5.871328361910089e-05
esm2_1036,5.868606393171423e-05
esm2_1338,5.8667724931722676e-05
esm2_686,5.856910949644188e-05
esm2_839,5.852473330423316e-05
esm2_1175,5.8493648995255287e-05
esm2_1825,5.848455474674886e-05
esm2_1851,5.81817495190289e-05
esm2_1305,5.8086083228786025e-05
esm2_970,5.80801737317001e-05
esm2_1191,5.8006382076339845e-05
esm2_656,5.80026824388262e-05
esm2_2338,5.796617273884558e-05
esm2_75,5.794761113088957e-05
esm2_1545,5.785435314085563e-05
esm2_729,5.7667057892721353e-05
esm2_1344,5.765195613354037e-05
esm2_1640,5.758308423031448e-05
esm2_1307,5.718343771179851e-05
esm2_2096,5.710805216682922e-05
esm2_2179,5.700841236079108e-05
esm2_2255,5.700342865621759e-05
esm2_1418,5.696140820836769e-05
esm2_2410,5.6941720597746094e-05
esm2_2481,5.685677069373215e-05
esm2_614,5.665862508816701e-05
esm2_576,5.6384558465738126e-05
esm2_1908,5.637682190569009e-05
esm2_2544,5.6194389466087775e-05
esm2_436,5.619208231260326e-05
esm2_2029,5.610129939766541e-05
esm2_300,5.585147969381205e-05
esm2_62,5.568312956690632e-05
esm2_2333,5.5657998735542516e-05
esm2_530,5.560767339284082e-05
esm2_210,5.534696197276502e-05
esm2_909,5.528912393568555e-05
esm2_1304,5.5279804346642985e-05
esm2_338,5.504805241436848e-05
esm2_1966,5.492731199923724e-05
esm2_1392,5.4885431933186545e-05
esm2_563,5.4870208545410766e-05
esm2_500,5.447919694008673e-05
esm2_628,5.4440824942695596e-05
esm2_279,5.4432446164511495e-05
esm2_747,5.440984365224817e-05
esm2_41,5.4396123489363774e-05
esm2_2160,5.436630572804428e-05
esm2_2496,5.43648058565892e-05
esm2_2289,5.4107944016442215e-05
esm2_1264,5.399441046327922e-05
esm2_1507,5.394853398384986e-05
esm2_2437,5.378357771253968e-05
esm2_424,5.3654051800874935e-05
esm2_967,5.3576522091087414e-05
esm2_1479,5.354891105802309e-05
esm2_362,5.35178455612659e-05
esm2_1219,5.340901625020764e-05
esm2_2044,5.3351418143162976e-05
esm2_2310,5.3235122126216435e-05
esm2_2015,5.323484993187617e-05
esm2_984,5.318922877768669e-05
esm2_987,5.3055681927729135e-05
esm2_134,5.284562370512003e-05
esm2_1813,5.284181170759168e-05
esm2_107,5.276124111875585e-05
esm2_160,5.267371855441147e-05
esm2_629,5.264480927148323e-05
esm2_191,5.241595410561396e-05
esm2_604,5.222087355647039e-05
esm2_2476,5.221358397879035e-05
esm2_564,5.2153381834724294e-05
esm2_264,5.2150831081544655e-05
esm2_2361,5.211664389564296e-05
esm2_1140,5.200952688935454e-05
esm2_1077,5.198115138174715e-05
esm2_2241,5.190095706333445e-05
esm2_1720,5.1865796533553693e-05
esm2_2203,5.162623975607767e-05
esm2_1188,5.1495723324149025e-05
esm2_2543,5.147896395530642e-05
esm2_1457,5.140937832129629e-05
esm2_1944,5.139096097551686e-05
esm2_1154,5.131851719559351e-05
esm2_2008,5.115857724012954e-05
esm2_113,5.108858952186026e-05
esm2_1059,5.09929197638686e-05
esm2_1547,5.075836709371055e-05
esm2_1989,5.07188782529611e-05
esm2_397,5.0384282144153436e-05
esm2_840,5.0271394534116416e-05
esm2_2102,5.0098772846540454e-05
esm2_1471,4.998307049158354e-05
esm2_411,4.996141154181296e-05
esm2_962,4.993001377695814e-05
esm2_1083,4.9818453733627205e-05
esm2_1917,4.9771034558435556e-05
esm2_1447,4.9620823790554336e-05
esm2_1681,4.9552983496019314e-05
esm2_2252,4.937853635843923e-05
esm2_603,4.935844227510775e-05
esm2_1072,4.927016045335204e-05
esm2_182,4.9040379413622026e-05
esm2_1849,4.897487126484944e-05
esm2_1514,4.846418491536706e-05
esm2_1627,4.8371602442514245e-05
esm2_1595,4.834291502481948e-05
esm2_1239,4.8324993883759716e-05
esm2_1585,4.8173525976516716e-05
esm2_1836,4.809762861904882e-05
esm2_1898,4.801812276198839e-05
esm2_1248,4.783191264153886e-05
esm2_1994,4.7751180400086576e-05
esm2_2063,4.76171430698913e-05
esm2_1025,4.752778800595763e-05
esm2_1790,4.7434218728458624e-05
esm2_2050,4.73865947620945e-05
esm2_2091,4.7239557402621726e-05
esm2_367,4.7181016655009824e-05
esm2_876,4.716930740796369e-05
esm2_2491,4.703499825455899e-05
esm2_1080,4.660071583620391e-05
esm2_455,4.650932708353289e-05
esm2_1881,4.6446236593708935e-05
esm2_544,4.6413312274764164e-05
esm2_1270,4.638313727875085e-05
esm2_1215,4.6335916157293044e-05
esm2_521,4.61083991569246e-05
esm2_2346,4.609927038889041e-05
esm2_227,4.609212144607065e-05
esm2_1685,4.597906677254118e-05
esm2_1707,4.576303919512e-05
esm2_583,4.575875303488284e-05
esm2_1967,4.5541390820325006e-05
esm2_1549,4.533376457163799e-05
esm2_448,4.523765205841958e-05
esm2_2459,4.519140177164772e-05
esm2_748,4.5189332195164636e-05
esm2_2270,4.517611977234739e-05
esm2_1509,4.5143879328701505e-05
esm2_745,4.510955201207566e-05
esm2_2264,4.509634024364743e-05
esm2_124,4.505167999314441e-05
esm2_2468,4.5007601020133785e-05
esm2_1078,4.492740875727119e-05
esm2_1130,4.4624692690150856e-05
esm2_81,4.450565728751019e-05
esm2_797,4.4479613169465315e-05
esm2_699,4.444954965355054e-05
esm2_1226,4.432916855545691e-05
esm2_2362,4.4274933527160484e-05
esm2_2288,4.4194282258538425e-05
esm2_535,4.4147802754456105e-05
esm2_1740,4.4081753342500266e-05
esm2_237,4.398519980041956e-05
esm2_1290,4.369152224391667e-05
esm2_1341,4.366115595449591e-05
esm2_721,4.360106473764938e-05
esm2_1116,4.359602086272863e-05
esm2_2038,4.355996428469857e-05
esm2_28,4.347541690907639e-05
esm2_167,4.3474410976402335e-05
esm2_2012,4.342109123784481e-05
esm2_1487,4.338551167540079e-05
esm2_1510,4.333842459314578e-05
esm2_1482,4.3285132437389034e-05
esm2_1747,4.3169551452864946e-05
esm2_2171,4.315045009547782e-05
esm2_329,4.2962703034455446e-05
esm2_639,4.252180396798161e-05
esm2_114,4.2518891657082325e-05
esm2_1477,4.22684224012466e-05
esm2_2206,4.2053328546542855e-05
esm2_1151,4.202101990967889e-05
esm2_1582,4.201569561303764e-05
esm2_637,4.1683194147851184e-05
esm2_19,4.1412835462148725e-05
esm2_1838,4.130082297672225e-05
esm2_913,4.124986779085446e-05
esm2_894,4.0849845958486586e-05
esm2_1802,4.0818873169650206e-05
esm2_1679,4.0775456182243126e-05
esm2_2404,4.0667291331485136e-05
esm2_103,4.0596301275499464e-05
esm2_2386,4.057187970722937e-05
esm2_2370,4.0440519852672464e-05
esm2_1699,4.0440015081740516e-05
esm2_714,4.040969638914566e-05
esm2_836,4.035940237002959e-05
esm2_2495,4.025253420638045e-05
esm2_2106,4.0235842140817534e-05
esm2_1653,4.0015372635126995e-05
esm2_513,3.987949125637839e-05
esm2_2081,3.977567892480779e-05
esm2_1823,3.976390809540603e-05
esm2_1287,3.9762900813404504e-05
esm2_1,3.9720574004473624e-05
esm2_1057,3.967514359958014e-05
esm2_2072,3.957818407350018e-05
esm2_184,3.941816335462308e-05
esm2_456,3.933235545993561e-05
esm2_1347,3.9075483453855414e-05
esm2_2441,3.907541273810158e-05
esm2_1135,3.900885380918543e-05
esm2_1046,3.897536866386184e-05
esm2_617,3.8572204074637413e-05
esm2_1616,3.8409107379772443e-05
esm2_1619,3.8258491898909977e-05
esm2_2054,3.818774762833164e-05
esm2_1268,3.818499168005544e-05
esm2_634,3.813340596199941e-05
esm2_2398,3.811053641931099e-05
esm2_928,3.8089569740055604e-05
esm2_1715,3.802160170067583e-05
esm2_18,3.783787097409659e-05
esm2_490,3.772694565131181e-05
esm2_1465,3.7708505286352126e-05
esm2_1104,3.742302838000201e-05
esm2_1886,3.7410040228262374e-05
esm2_2373,3.7313639548220955e-05
esm2_115,3.724836827315555e-05
esm2_551,3.7221544713671394e-05
esm2_1919,3.720471946935085e-05
esm2_371,3.718550087925476e-05
esm2_2200,3.705967196580665e-05
esm2_1821,3.697948870245182e-05
esm2_977,3.694068406234133e-05
esm2_1603,3.6889859256327466e-05
esm2_13,3.680201952250027e-05
esm2_653,3.6799701006402026e-05
esm2_320,3.661310750968337e-05
esm2_1940,3.6551537796236055e-05
esm2_704,3.65346532411339e-05
esm2_669,3.6369719075908406e-05
esm2_1824,3.6366984089021654e-05
esm2_1260,3.6359390724597556e-05
esm2_1401,3.627267140081376e-05
esm2_1146,3.6245975396161284e-05
esm2_1052,3.604030359047008e-05
esm2_2167,3.600955986726964e-05
esm2_2547,3.591952401412363e-05
esm2_2520,3.568922999402231e-05
esm2_2472,3.565624232088577e-05
esm2_1704,3.534057972119718e-05
esm2_1650,3.528735770560086e-05
esm2_2494,3.509412773974288e-05
esm2_1773,3.505122569907271e-05
esm2_1553,3.5050098648674724e-05
esm2_1033,3.5046491663997834e-05
esm2_1256,3.484784935354449e-05
esm2_1366,3.474548794903648e-05
esm2_1301,3.473091210187284e-05
esm2_90,3.461650919010903e-05
esm2_423,3.4577536507245746e-05
esm2_1667,3.442607337766298e-05
esm2_744,3.4360957362168894e-05
esm2_2328,3.432804767037159e-05
esm2_256,3.4286683990872306e-05
esm2_2272,3.418368531493688e-05
esm2_1442,3.417522296905088e-05
esm2_1139,3.4150564625087e-05
esm2_1407,3.410989541017676e-05
esm2_1870,3.400587703346549e-05
esm2_1406,3.398046331560073e-05
esm2_170,3.393036583957574e-05
esm2_691,3.378662377883425e-05
esm2_2364,3.374440543805267e-05
esm2_2269,3.3728968416265005e-05
esm2_595,3.370273072391136e-05
esm2_1779,3.361982979017314e-05
esm2_1651,3.3202763158096665e-05
esm2_1178,3.314420915926023e-05
esm2_2341,3.3134532576693065e-05
esm2_2041,3.3079477947438726e-05
esm2_2118,3.303871328703555e-05
esm2_1227,3.303378243276404e-05
esm2_503,3.2997747562934884e-05
esm2_1929,3.297914116142344e-05
esm2_1754,3.288069103434458e-05
esm2_1972,3.277801537875351e-05
esm2_346,3.2582793157683555e-05
esm2_241,3.257844353215386e-05
esm2_80,3.25340955150262e-05
esm2_1332,3.251758344476523e-05
esm2_1400,3.243210599803629e-05
esm2_1164,3.2387565986287805e-05
esm2_1416,3.232642608272367e-05
esm2_64,3.2288894706028e-05
esm2_1888,3.2247124021311644e-05
esm2_648,3.2238298778950506e-05
esm2_1197,3.221736752343558e-05
esm2_403,3.219567456306752e-05
esm2_2378,3.215169134007938e-05
esm2_1548,3.181217791167269e-05
esm2_1143,3.1783775087130414e-05
esm2_621,3.175100956512313e-05
esm2_2420,3.173959682780561e-05
esm2_1672,3.1580516209036175e-05
esm2_2058,3.148554879067725e-05
esm2_286,3.131199982927075e-05
esm2_1316,3.110288441146764e-05
esm2_2344,3.1043907314335385e-05
esm2_997,3.1019706366040985e-05
esm2_857,3.101507627302547e-05
esm2_444,3.0990228293587796e-05
esm2_1258,3.0869635464917224e-05
esm2_215,3.083950474832569e-05
esm2_230,3.077951104183876e-05
esm2_2453,3.0670571698590015e-05
esm2_1145,3.0653847945108835e-05
esm2_846,3.0638684251053706e-05
esm2_943,3.0550086062129486e-05
esm2_481,3.054837567504443e-05
esm2_749,3.0506979457525155e-05
esm2_442,3.050355922569024e-05
esm2_680,3.049230386286628e-05
esm2_1575,3.0469659355017975e-05
esm2_452,3.0461197802332495e-05
esm2_701,3.045989759655514e-05
esm2_1675,3.030823750531885e-05
esm2_377,3.0005133717679028e-05
esm2_348,3.000263838370764e-05
esm2_2393,2.9746524102765367e-05
esm2_1503,2.962746280574475e-05
esm2_2066,2.9533496488111867e-05
esm2_2512,2.9517348310676497e-05
esm2_2359,2.9271604410925167e-05
esm2_1744,2.919098404680039e-05
esm2_863,2.909176903364108e-05
esm2_1034,2.891276917013671e-05
esm2_562,2.874949064223886e-05
esm2_1871,2.8704613771391545e-05
esm2_2315,2.866603844204343e-05
esm2_475,2.8634850573931472e-05
esm2_2261,2.8558602926655972e-05
esm2_2220,2.85264762829181e-05
esm2_953,2.848359993624668e-05
esm2_1956,2.8389164083490012e-05
esm2_1019,2.8349472003715236e-05
esm2_250,2.8347034409921945e-05
esm2_2391,2.8085832662448085e-05
esm2_1502,2.8081693795174277e-05
esm2_2190,2.8011201239905545e-05
esm2_2213,2.794277741720038e-05
esm2_1914,2.7867436630130966e-05
esm2_2283,2.7713742329557027e-05
esm2_385,2.771292141661566e-05
esm2_1817,2.7678090315711024e-05
esm2_2231,2.7509487111972026e-05
esm2_2403,2.7418172707932466e-05
esm2_933,2.7368877236009415e-05
esm2_2164,2.7175392785425827e-05
esm2_591,2.7060391903015718e-05
esm2_1688,2.6973524110545244e-05
esm2_2125,2.6909739527916928e-05
esm2_765,2.6893657619405635e-05
esm2_905,2.687448200853067e-05
esm2_89,2.684235413740083e-05
esm2_596,2.6781666732829662e-05
esm2_599,2.6546207260796134e-05
esm2_121,2.651705079340748e-05
esm2_862,2.650033140069503e-05
esm2_472,2.6286338417826655e-05
esm2_1677,2.6281705191494874e-05
esm2_516,2.6164443660466643e-05
esm2_2266,2.605081021701687e-05
esm2_1300,2.6046169722778035e-05
esm2_299,2.6043098243508494e-05
esm2_2411,2.5900081948761375e-05
esm2_1337,2.568902012583147e-05
esm2_1499,2.5610286301784242e-05
esm2_1702,2.5468950189336613e-05
esm2_1737,2.5439612433483475e-05
esm2_947,2.5357998004547443e-05
esm2_1943,2.531909808012166e-05
esm2_2065,2.5282501844619615e-05
esm2_408,2.5270766086825135e-05
esm2_1555,2.5089299272795452e-05
esm2_1683,2.5073514816934893e-05
esm2_644,2.505644540916476e-05
esm2_1310,2.4949585517862325e-05
esm2_1068,2.491503789743954e-05
esm2_149,2.481331817447611e-05
esm2_1162,2.4681151100105697e-05
esm2_1857,2.4575058810331307e-05
esm2_1452,2.4517603137547175e-05
esm2_1295,2.449963627747231e-05
esm2_817,2.4489426284554512e-05
esm2_1208,2.447871552101453e-05
esm2_1008,2.4350839674699768e-05
esm2_1717,2.4149279574597395e-05
esm2_559,2.3906903737724397e-05
esm2_2324,2.3828812359510294e-05
esm2_842,2.3786150752970636e-05
esm2_2067,2.37278191046623e-05
esm2_2432,2.351560973383736e-05
esm2_1896,2.3466757355201768e-05
esm2_1885,2.3286624119039426e-05
esm2_1117,2.306796372267838e-05
esm2_492,2.2525700208653577e-05
esm2_375,2.2499543044650598e-05
esm2_1969,2.2325528363397434e-05
esm2_386,2.2240041739241807e-05
esm2_702,2.2091589302225452e-05
esm2_1846,2.2083679281249063e-05
esm2_212,2.2048679282922212e-05
esm2_1868,2.1977427566814033e-05
esm2_1842,2.1850718028579495e-05
esm2_91,2.1824298116691875e-05
esm2_806,2.175144503280794e-05
esm2_1610,2.1646761512407293e-05
esm2_1834,2.1517635698965165e-05
esm2_616,2.1479999553798244e-05
esm2_1647,2.1283462895241373e-05
esm2_1743,2.1148554038807137e-05
esm2_907,2.1058515315005284e-05
esm2_2218,2.1040988073119948e-05
esm2_2486,2.0996228913871996e-05
esm2_2484,2.0938422498730112e-05
esm2_893,2.0893799104514525e-05
esm2_1323,2.0853140595101945e-05
esm2_1931,2.080719215934077e-05
esm2_2040,2.0585300112179625e-05
esm2_783,2.0575403266378456e-05
esm2_1624,2.055003086942777e-05
esm2_684,2.0489096478939912e-05
esm2_2374,2.045557746409454e-05
esm2_1021,2.0409928969700217e-05
esm2_793,2.026383102057458e-05
esm2_2027,2.0262177941125447e-05
esm2_2498,2.0162592659693173e-05
esm2_1761,2.0118979403970556e-05
esm2_2508,2.0069269624061458e-05
esm2_696,1.996055082185784e-05
esm2_927,1.9928910441840624e-05
esm2_1520,1.9913536365517428e-05
esm2_1425,1.9871309048727605e-05
esm2_1045,1.9776176934105444e-05
esm2_850,1.976323446270524e-05
esm2_469,1.9759836164001837e-05
esm2_1903,1.9745379375005272e-05
esm2_1020,1.9731678463631902e-05
esm2_1519,1.9370741646090084e-05
esm2_383,1.9301294844057637e-05
esm2_45,1.928038351022578e-05
esm2_1999,1.9134783754967044e-05
esm2_1089,1.889321079463502e-05
esm2_1056,1.8848532668796028e-05
esm2_1872,1.880374848151291e-05
esm2_985,1.8799878207134344e-05
esm2_202,1.876046306973604e-05
esm2_2475,1.870854015510839e-05
esm2_1686,1.8584503399643232e-05
esm2_322,1.852459500852447e-05
esm2_1333,1.851886827997728e-05
esm2_2099,1.848372887724499e-05
esm2_254,1.813105286968162e-05
esm2_1915,1.8125942778773706e-05
esm2_2207,1.81016456185375e-05
esm2_1657,1.8073910948108288e-05
esm2_2423,1.798994919265033e-05
esm2_310,1.7853364247834677e-05
esm2_718,1.7819473400648736e-05
esm2_1806,1.773213536601351e-05
esm2_652,1.770927606585018e-05
esm2_257,1.770711702448912e-05
esm2_755,1.76238522326312e-05
esm2_479,1.7441626853447247e-05
esm2_1144,1.7411233944636463e-05
esm2_2075,1.7400502211946298e-05
esm2_2197,1.7155089591858937e-05
esm2_2358,1.7141836796632604e-05
esm2_2234,1.7124472103089394e-05
esm2_306,1.7113729961188968e-05
esm2_1229,1.708620446538743e-05
esm2_354,1.6927074156157007e-05
esm2_896,1.678866383948603e-05
esm2_2204,1.678531691131345e-05
esm2_1900,1.675774489320759e-05
esm2_1644,1.6727730772161094e-05
esm2_1955,1.6716433947678535e-05
esm2_768,1.6368870609227217e-05
esm2_2399,1.636670734856333e-05
esm2_671,1.6355438007437024e-05
esm2_1819,1.6352182473806805e-05
esm2_2431,1.6207845860840025e-05
esm2_2292,1.6018503244695297e-05
esm2_1693,1.6000113371176182e-05
esm2_1361,1.5923443924015623e-05
esm2_2297,1.5918622136200005e-05
esm2_1852,1.581507151584997e-05
esm2_1496,1.5715853072955176e-05
esm2_2137,1.566813626801541e-05
esm2_2482,1.5595647828929524e-05
esm2_609,1.556931726611011e-05
esm2_1768,1.5562099971655653e-05
esm2_975,1.5408163581987917e-05
esm2_2462,1.5396111628641365e-05
esm2_2254,1.5285600489986732e-05
esm2_598,1.5268041208153626e-05
esm2_2385,1.5204314186308779e-05
esm2_590,1.5181267146764304e-05
esm2_345,1.5098255376619118e-05
esm2_1815,1.5054110907628823e-05
esm2_1550,1.5008870469619687e-05
esm2_717,1.5006636708078727e-05
esm2_1443,1.4947910551594357e-05
esm2_1830,1.48375293907451e-05
esm2_861,1.4812439177160711e-05
esm2_2133,1.4801112395232957e-05
esm2_1530,1.4694375171259192e-05
esm2_1209,1.4417432567220376e-05
esm2_77,1.4354402525774224e-05
esm2_247,1.4229364211942928e-05
esm2_2032,1.4143418996431063e-05
esm2_82,1.4109373729109517e-05
esm2_1002,1.4042466000319823e-05
esm2_1822,1.3895826877774273e-05
esm2_445,1.3889299629695724e-05
esm2_1774,1.3811930813376226e-05
esm2_1155,1.3798139536072784e-05
esm2_2085,1.3781013244782902e-05
esm2_2356,1.3672471406444642e-05
esm2_594,1.3612552241542496e-05
esm2_753,1.3535464638196951e-05
esm2_2140,1.34249728858167e-05
esm2_720,1.3280056021424475e-05
esm2_885,1.3193557401401252e-05
esm2_92,1.3160937519754647e-05
esm2_1543,1.3066920493458386e-05
esm2_2010,1.3057223404665422e-05
esm2_554,1.3038094569383247e-05
esm2_393,1.3003694758739308e-05
esm2_358,1.2953845063758832e-05
esm2_605,1.288694555872535e-05
esm2_2317,1.2862493527391163e-05
esm2_1941,1.2855833638038837e-05
esm2_1041,1.283241771637219e-05
esm2_762,1.2827805376798866e-05
esm2_2500,1.2818746305115046e-05
esm2_874,1.2759973885877996e-05
esm2_1602,1.273831610995975e-05
esm2_1696,1.2693119358374403e-05
esm2_127,1.2663767499405622e-05
esm2_2456,1.2609417402000964e-05
esm2_640,1.2444961033250262e-05
esm2_1951,1.2441105555530169e-05
esm2_2435,1.2431456337716255e-05
esm2_2394,1.2372319380461125e-05
esm2_2301,1.2310503439745574e-05
esm2_486,1.2259553296252179e-05
esm2_409,1.2241010988629213e-05
esm2_1893,1.219192754952623e-05
esm2_1355,1.2098199121274951e-05
esm2_1826,1.1862050124352217e-05
esm2_515,1.184750035398317e-05
esm2_178,1.183433025613022e-05
esm2_848,1.1801758134747388e-05
esm2_1760,1.1778299973402685e-05
esm2_703,1.1501429569329667e-05
esm2_1861,1.147649936528894e-05
esm2_2503,1.1364410723532216e-05
esm2_0,1.1211535212416083e-05
esm2_1199,1.1152993714730755e-05
esm2_743,1.1087351818714131e-05
esm2_1360,1.1010699292465628e-05
esm2_1220,1.1007469462745772e-05
esm2_2334,1.0977657441612232e-05
esm2_357,1.0951721382028678e-05
esm2_1829,1.0919192317670239e-05
esm2_2071,1.075332818587984e-05
esm2_1573,1.0645120536238087e-05
esm2_10,1.0624911333607605e-05
esm2_738,1.0592278512980293e-05
esm2_1862,1.046072690326847e-05
esm2_303,1.0353003601116478e-05
esm2_1424,1.0334180519819189e-05
esm2_2307,1.0275105029155507e-05
esm2_606,1.0200780492349182e-05
esm2_78,1.0154131288161965e-05
esm2_1286,1.0115418503413038e-05
esm2_517,1.0049893158692882e-05
esm2_1411,9.9814214657292e-06
esm2_1724,9.835410519131348e-06
esm2_2198,9.682976085083465e-06
esm2_1343,9.676396122164401e-06
esm2_642,9.651392266630988e-06
esm2_2377,9.5922194945907e-06
esm2_4,9.547774917139092e-06
esm2_586,9.312033436379492e-06
esm2_289,9.2374940733708e-06
esm2_125,9.23466467907099e-06
esm2_1749,9.153736891926376e-06
esm2_2363,9.153463378041458e-06
esm2_148,9.149521267837588e-06
esm2_2555,9.140690954289388e-06
esm2_1583,9.079621747075432e-06
esm2_228,9.059593695830051e-06
esm2_1088,9.041351865300665e-06
esm2_795,8.951620178635437e-06
esm2_1784,8.939046117428509e-06
esm2_2093,8.857232202303499e-06
esm2_799,8.781799937667021e-06
esm2_1682,8.777330400783385e-06
esm2_1255,8.775511186987464e-06
esm2_728,8.320148266238655e-06
esm2_1277,8.182601361285223e-06
esm2_105,8.095601634762764e-06
esm2_2467,8.082039390694889e-06
esm2_1325,8.04476457721332e-06
esm2_972,7.957124625365385e-06
esm2_828,7.879485525158149e-06
esm2_1291,7.825737410430187e-06
esm2_1071,7.801113512720952e-06
esm2_522,7.71697756709436e-06
esm2_1274,7.664033442078413e-06
esm2_898,7.5119623247666406e-06
esm2_1716,7.423243037212074e-06
esm2_2343,7.337576113314109e-06
esm2_543,7.336962880226302e-06
esm2_1564,7.326548538010492e-06
esm2_550,7.270324467355925e-06
esm2_2550,7.27012343304114e-06
esm2_333,7.233236444012587e-06
esm2_2534,7.16713231923057e-06
esm2_2064,7.156868766249535e-06
esm2_1273,7.143254221540217e-06
esm2_1558,7.13960545766546e-06
esm2_195,7.12743210059713e-06
esm2_2366,7.081069404340952e-06
esm2_179,7.055833684705785e-06
esm2_2060,7.01682336818092e-06
esm2_1272,7.014314146447367e-06
esm2_1374,7.006966207594676e-06
esm2_381,6.918000058626727e-06
esm2_942,6.846507148467349e-06
esm2_351,6.841549286028209e-06
esm2_2514,6.768847137663159e-06
esm2_523,6.759125664557164e-06
esm2_1945,6.6696809672839195e-06
esm2_1638,6.647281735513424e-06
esm2_142,6.572029463508902e-06
esm2_1869,6.523701031334733e-06
esm2_1738,6.433009905137875e-06
esm2_512,6.427694168862648e-06
esm2_932,6.377589236971223e-06
esm2_327,6.316137569720965e-06
esm2_2126,6.308384275246627e-06
esm2_1767,6.095735201741932e-06
esm2_918,6.072772847650577e-06
esm2_771,5.995153377334848e-06
esm2_225,5.958254694328918e-06
esm2_1788,5.957580513619447e-06
esm2_2455,5.867632063431702e-06
esm2_674,5.8534204278569714e-06
esm2_1998,5.837572916364052e-06
esm2_59,5.7985283458943044e-06
esm2_302,5.777704341792131e-06
esm2_1234,5.690385271895468e-06
esm2_1001,5.668591110675021e-06
esm2_140,5.6668892976343145e-06
esm2_2463,5.618738144730563e-06
esm2_2024,5.494402080882088e-06
esm2_1302,5.492442132781177e-06
esm2_1599,5.442581544964743e-06
esm2_453,5.441429367051651e-06
esm2_1437,5.388258075530924e-06
esm2_601,5.373363537004085e-06
esm2_223,5.331396700462307e-06
esm2_2165,5.243086724041703e-06
esm2_820,5.215940360449635e-06
esm2_1493,5.182847240643807e-06
esm2_1954,5.170210302207236e-06
esm2_1017,5.148490933288774e-06
esm2_1670,5.116955206201557e-06
esm2_2402,5.096391936795874e-06
esm2_2471,5.088492849614649e-06
esm2_715,4.847837151555805e-06
esm2_2296,4.6457574670683145e-06
esm2_1793,4.612353645752143e-06
esm2_665,4.589227897189681e-06
esm2_301,4.516412587028605e-06
esm2_2438,4.513125849772092e-06
esm2_293,4.5065352190644685e-06
esm2_2136,4.391215811015795e-06
esm2_27,4.324874462485944e-06
esm2_1346,4.278727611610468e-06
esm2_1625,4.277471083051411e-06
esm2_60,4.250290827590994e-06
esm2_2357,4.249737162194998e-06
esm2_2000,4.2407992328116734e-06
esm2_1345,4.1687518646624286e-06
esm2_2285,3.9979786502457665e-06
esm2_1193,3.926675058851513e-06
esm2_1115,3.915235099165815e-06
esm2_1031,3.881828488140921e-06
esm2_685,3.855309832281023e-06
esm2_1844,3.733965404804653e-06
esm2_1876,3.7156967192022807e-06
esm2_571,3.679270389494244e-06
esm2_189,3.560374410158084e-06
esm2_2371,3.5205936701421935e-06
esm2_1497,3.4169252198891453e-06
esm2_1122,3.3865904664434483e-06
esm2_891,3.3090950286828047e-06
esm2_1035,3.19519154211206e-06
esm2_1375,3.088850506028229e-06
esm2_1701,3.059413876022187e-06
esm2_1097,3.050827185467516e-06
esm2_822,3.0431914798905383e-06
esm2_169,3.0000143496215663e-06
esm2_2502,2.9515740104628847e-06
esm2_1028,2.8859304332581735e-06
esm2_166,2.8611776573825954e-06
esm2_1560,2.842452863913755e-06
esm2_2428,2.5603161943850882e-06
esm2_2007,2.544399001170232e-06
esm2_556,2.4318154056998093e-06
esm2_737,2.3035866861933713e-06
esm2_936,2.1848269757778765e-06
esm2_1469,2.118413662712964e-06
esm2_1198,2.118164208690631e-06
esm2_1459,2.0456507308005155e-06
esm2_471,1.93775800558226e-06
esm2_2282,1.914498264105005e-06
esm2_2516,1.913331418031581e-06
esm2_2308,1.8684506059212117e-06
esm2_573,1.7902644630064057e-06
esm2_700,1.768119365006557e-06
esm2_394,1.6616739315801169e-06
esm2_2018,1.5966715333618237e-06
esm2_1727,1.565031544036971e-06
esm2_123,1.5565603057419534e-06
esm2_2439,1.5496842090589507e-06
esm2_389,1.3748885715929488e-06
esm2_1678,1.3468818010429136e-06
esm2_281,1.345899348149144e-06
esm2_97,1.3362062659588487e-06
esm2_1380,1.3302052671804264e-06
esm2_1517,1.313440272867861e-06
esm2_538,1.2859387203337404e-06
esm2_2084,1.2048474084520281e-06
esm2_723,1.1247151231513408e-06
esm2_2080,1.1172966030820552e-06
esm2_1070,9.697972291142345e-07
esm2_2276,9.590413049051025e-07
esm2_2548,9.428140335464815e-07
esm2_865,9.41298189012756e-07
esm2_1764,8.455951444505448e-07
esm2_672,8.236726496049814e-07
esm2_2440,8.059460796921295e-07
esm2_2201,7.571091014317781e-07
esm2_1542,7.531749201983389e-07
esm2_1504,7.352878256600329e-07
esm2_1957,7.254385060675894e-07
esm2_11,6.018491727385886e-07
esm2_2211,5.405524960652745e-07
esm2_2347,5.131966471442329e-07
esm2_1039,4.898877831824595e-07
esm2_2511,4.460922933394133e-07
esm2_683,4.266935282228807e-07
esm2_2554,4.1302711561961683e-07
esm2_593,3.8479324301568536e-07
esm2_1714,3.8367123201516397e-07
esm2_552,2.908837091195299e-07
esm2_1907,2.3005842792020762e-07
esm2_85,2.2526693516558655e-07
esm2_309,2.2349068457911168e-07
esm2_2452,1.7650312351364255e-07
esm2_1695,1.5140347916662863e-07
esm2_1023,1.4629565126619e-07
esm2_1106,1.4437330223360984e-07
esm2_1473,1.4370169266508984e-07
esm2_2184,1.3815942632601213e-07
esm2_1950,1.2110740819152434e-07
esm2_1563,9.334250174431139e-08
esm2_731,8.904267802955299e-08
esm2_1680,6.064356844418681e-08
esm2_1593,3.933787440815309e-08
esm2_641,5.244335886889147e-09
esm2_2180,2.5954671405489307e-09
esm2_1263,2.2211819075796464e-09
esm2_2127,9.67936983773898e-16
esm2_427,0.0
esm2_659,0.0
esm2_845,0.0
esm2_1818,0.0
esm2_2056,0.0
esm2_2557,0.0
